"user_name","name","email","active","sys_created_on","sys_updated_on","company","title","mobile_phone","department"
"abel.tuter","Abel Tuter","abel.tuter@example.com","true","2012-02-17 19:04:52","2022-05-02 19:45:45","ACME South America","","","Product Management"
"abraham.lincoln","Abraham Lincoln","abraham.lincoln@example.com","true","2013-07-23 17:15:54","2022-05-02 19:45:47","","","(555) 555-0004",""
"adela.cervantsz","Adela Cervantsz","adela.cervantsz@example.com","true","2012-02-17 19:04:50","2022-05-02 19:45:43","ACME North America","","","Customer Support"
"admin","System Administrator","admin@example.com","true","2007-07-03 11:48:47","2022-05-04 02:19:54","","System Administrator","","Finance"
"aes.creator","Creator User","","true","2022-05-02 20:26:40","2022-05-04 02:19:54","","","",""
"aileen.mottern","Aileen Mottern","aileen.mottern@example.com","true","2012-02-17 19:04:49","2022-05-02 19:45:45","ACME Italy","","","Customer Support"
"alejandra.prenatt","Alejandra Prenatt","alejandra.prenatt@example.com","true","2012-02-17 19:04:52","2022-05-02 19:45:44","ACME France","","","Product Management"
"alejandro.mascall","Alejandro Mascall","alejandro.mascall@example.com","true","2012-02-17 19:04:52","2022-05-02 19:45:47","ACME Germany","","","Product Management"
"alene.rabeck","Alene Rabeck","alene.rabeck@example.com","true","2012-02-17 19:04:53","2022-05-02 19:45:47","ACME UK","","","Sales"
"alfonso.griglen","Alfonso Griglen","alfonso.griglen@example.com","true","2012-02-17 19:04:51","2022-05-02 19:45:43","ACME China","","","IT"
"alissa.mountjoy","Alissa Mountjoy","alissa.mountjoy@example.com","true","2012-02-17 19:04:52","2022-05-02 19:45:45","ACME Germany","","","Product Management"
"allan.schwantd","Allan Schwantd","allan.schwantd@example.com","true","2012-02-17 19:04:53","2022-05-02 19:45:47","ACME North America","","","Sales"
"allie.pumphrey","Allie Pumphrey","allie.pumphrey@example.com","true","2012-02-17 19:04:52","2022-05-02 19:45:47","ACME Australia","","","Product Management"
"allyson.gillispie","Allyson Gillispie","allyson.gillispie@example.com","true","2012-02-17 19:04:50","2022-05-02 19:45:43","ACME North America","","","Development"
"alva.pennigton","Alva Pennigton","alva.pennigton@example.com","true","2012-02-17 19:04:50","2022-05-02 19:45:47","ACME North America","","","Development"
"alyssa.biasotti","Alyssa Biasotti","alyssa.biasotti@example.com","true","2012-02-17 19:04:52","2022-05-02 19:45:44","ACME UK","","","IT"
"amelia.caputo","Amelia Caputo","amelia.caputo@example.com","true","2012-02-17 19:04:52","2022-05-02 19:45:47","ACME South America","","","IT"
"amos.linnan","Amos Linnan","amos.linnan@example.com","true","2012-02-17 19:04:51","2022-05-02 19:45:45","ACME Germany","","","IT"
"andrew.jackson","Andrew Jackson","andrew.jackson@example.com","true","2013-07-23 17:34:44","2022-05-02 19:45:45","","","(555) 555-0005",""
"andrew.och","Andrew Och","andrew.och@example.com","true","2022-03-17 09:45:02","2022-05-02 19:45:46","","Senior Developer","","Development"
"angelique.schermerhorn","Angelique Schermerhorn","angelique.schermerhorn@example.com","true","2012-02-17 19:04:53","2022-05-02 19:45:46","ACME UK","","","Sales"
"angelo.ferentz","Angelo Ferentz","angelo.ferentz@example.com","true","2012-02-17 19:04:53","2022-05-02 19:45:46","ACME South America","","","Sales"
"annabelle.coger","Annabelle Coger","annabelle.coger@example.com","true","2012-02-17 19:04:52","2022-05-02 19:45:45","ACME France","","","Sales"
"annette.frietas","Annette Frietas","annette.frietas@example.com","true","2012-02-17 19:04:52","2022-05-02 19:45:45","ACME Australia","","","Product Management"
"annie.approver","Annie Approver","annie.approver@example.com","true","2011-09-16 12:03:44","2022-05-02 19:45:47","ACME North America","","","Finance"
"antione.mccleary","Antione Mccleary","antione.mccleary@example.com","true","2012-02-17 19:04:53","2022-05-02 19:45:45","ACME Germany","","","Sales"
"antony.alldis","Antony Alldis","Antony.Alldis@example.com","true","2021-03-19 08:41:17","2022-05-02 19:45:45","","Senior Developer","","Development"
"antony.thierauf","Antony Thierauf","antony.thierauf@example.com","true","2012-02-17 19:04:51","2022-05-02 19:45:44","ACME Germany","","","IT"
"approver","Approver User","approver@example.com","true","2014-01-09 15:28:33","2022-05-02 19:45:48","","","",""
"aqib.mushtaq","Aqib Mushtaq","aqib.mushtaq@example.com","false","2022-03-17 09:35:36","2022-05-02 19:45:44","","Senior Developer","","Development"
"armando.kolm","Armando Kolm","armando.kolm@example.com","true","2012-02-17 19:04:52","2022-05-02 19:45:46","ACME UK","","","Product Management"
"armando.papik","Armando Papik","armando.papik@example.com","true","2012-02-17 19:04:50","2022-05-02 19:45:47","ACME North America","","","Customer Support"
"arron.ubhi","Arron Ubhi","arron.ubhi@example.com","true","2021-03-19 08:42:30","2022-05-02 19:45:48","","Senior Developer","",""
"arya.hajarha","Arya Hajarha","arya.hajarha@example.com","true","2022-03-17 09:32:04","2022-05-02 19:45:48","","Senior Developer","","Development"
"ashley.leonesio","Ashley Leonesio","ashley.leonesio@example.com","true","2012-02-17 19:04:49","2022-05-02 19:45:47","ACME Japan","","","Customer Support"
"ashley.parker","Ashley Parker","ashley.parker@example.com","true","2017-08-02 10:31:12","2022-05-02 19:45:45","Acer","Director","","HR"
"ATF.User","ATF User","ATF.User@example.com","true","2016-07-07 11:56:17","2022-05-02 19:45:48","","","",""
"ATF_TestItilUser1","ATF_TestItilUser1 ATF_TestItilUser1","","true","2018-08-30 01:33:17","2022-05-02 19:45:47","","","",""
"ATF_TestItilUser2","ATF_TestItilUser2 ATF_TestItilUser2","","true","2018-08-30 01:34:26","2022-05-02 19:45:48","","","",""
"athena.fontanilla","Athena Fontanilla","athena.fontanilla@example.com","true","2012-02-17 19:04:52","2022-05-02 19:45:44","ACME UK","","","Product Management"
"audra.cantu","Audra Cantu","audra.cantu@example.com","true","2012-02-17 19:04:50","2022-05-02 19:45:47","ACME Germany","","","Finance"
"avery.parbol","Avery Parbol","avery.parbol@example.com","true","2012-02-17 19:04:50","2022-05-02 19:45:46","ACME North America","","","Development"
"barbara.hindley","Barbara Hindley","barbara.hindley@example.com","true","2012-02-17 19:04:51","2022-05-02 19:45:48","ACME Germany","","","IT"
"bart.hachey","Bart Hachey","bart.hachey@example.com","true","2012-02-17 19:04:52","2022-05-02 19:45:48","ACME Japan","","","Product Management"
"barton.friesner","Barton Friesner","barton.friesner@example.com","true","2012-02-17 19:04:52","2022-05-02 19:45:48","ACME UK","","","IT"
"benjamin.schkade","Benjamin Schkade","benjamin.schkade@example.com","true","2012-02-17 19:04:52","2022-05-02 19:45:48","ACME UK","","","Product Management"
"bernard.laboy","Bernard Laboy","bernard.laboy@example.com","true","2012-02-17 19:04:52","2022-05-02 19:45:48","ACME North America","","","IT"
"bert.schadle","Bert Schadle","bert.schadle@example.com","true","2012-02-17 19:04:52","2022-05-02 19:45:47","ACME Czech Republic","","","Product Management"
"berta.karczewski","Berta Karczewski","berta.karczewski@example.com","true","2012-02-17 19:04:53","2022-05-02 19:45:44","ACME Germany","","","Sales"
"bertie.luby","Bertie Luby","bertie.luby@example.com","true","2012-02-17 19:04:53","2022-05-02 19:45:46","ACME North America","","","Sales"
"bertram.quertermous","Bertram Quertermous","bertram.quertermous@example.com","true","2012-02-17 19:04:51","2022-05-02 19:45:46","ACME Czech Republic","","","IT"
"bess.marso","Bess Marso","bess.marso@example.com","true","2012-02-17 19:04:51","2022-05-02 19:45:46","ACME Germany","","","IT"
"beth.anglin","Beth Anglin","beth.anglin@example.com","true","2006-02-07 15:24:11","2022-05-02 19:45:45","ACME North America","","","Sales"
"bette.barcelona","Bette Barcelona","bette.barcelona@example.com","true","2012-02-17 19:04:52","2022-05-02 19:45:48","ACME France","","","Product Management"
"beverley.bunche","Beverley Bunche","beverley.bunche@example.com","true","2012-02-17 19:04:52","2022-05-02 19:45:44","ACME South America","","","Product Management"
"beverly.cambel","Beverly Cambel","beverly.cambel@example.com","true","2012-02-17 19:04:51","2022-05-02 19:45:46","ACME Italy","","","IT"
"billie.cowley","Billie Cowley","billie.cowley@example.com","true","2012-02-17 19:04:50","2022-05-02 19:45:43","ACME North America","","","Development"
"billie.tinnes","Billie Tinnes","billie.tinnes@example.com","true","2012-02-17 19:04:50","2022-05-02 19:45:45","ACME North America","","","Development"
"bm.scheduler","Benchmark Scheduler","","true","2017-02-24 12:14:31","2022-05-02 19:45:48","","","",""
"boris.catino","Boris Catino","boris.catino@example.com","true","2012-02-17 19:04:52","2022-05-02 19:45:47","ACME North America","","","IT"
"bow.ruggeri","Bow Ruggeri","bow.ruggeri@example.com","true","2005-07-07 11:39:58","2022-05-02 19:45:48","ACME North America","","","Development"
"bradly.hasselvander","Bradly Hasselvander","bradly.hasselvander@example.com","true","2012-02-17 19:04:53","2022-05-02 19:45:44","ACME UK","","","Sales"
"brant.darnel","Brant Darnel","brant.darnel@example.com","true","2012-02-17 19:04:52","2022-05-02 19:45:44","ACME China","","","Sales"
"brendan.qin","Brendan Qin","brendan.qin@example.com","true","2012-02-17 19:04:50","2022-05-02 19:45:46","ACME France","","","Finance"
"brent.vaidya","Brent Vaidya","brent.vaidya@example.com","true","2012-02-17 19:04:50","2022-05-02 19:45:45","ACME France","","","Finance"
"brice.hedglin","Brice Hedglin","brice.hedglin@example.com","true","2012-02-17 19:04:51","2022-05-02 19:45:45","ACME Germany","","","IT"
"bridget.bottella","Bridget Bottella","bridget.bottella@example.com","true","2012-02-17 19:04:51","2022-05-02 19:45:48","ACME France","","","IT"
"bridget.knightly","Bridget Knightly","bridget.knightly@example.com","true","2012-02-17 19:04:50","2022-05-02 19:45:43","ACME France","","","Finance"
"bridgett.retort","Bridgett Retort","bridgett.retort@example.com","true","2012-02-17 19:04:50","2022-05-02 19:45:47","ACME France","","","Finance"
"bryan.rovell","Bryan Rovell","bryan.rovell@example.com","true","2012-02-17 19:04:53","2022-05-02 19:45:47","ACME Italy","","","Sales"
"bryant.bouliouris","Bryant Bouliouris","bryant.bouliouris@example.com","true","2012-02-17 19:04:52","2022-05-02 19:45:44","ACME Australia","","","Product Management"
"bud.richman","Bud Richman","bud.richman@example.com","true","2006-02-07 15:09:38","2022-05-02 19:45:45","ACME North America","","","Sales"
"burton.brining","Burton Brining","burton.brining@example.com","true","2012-02-17 19:04:50","2022-05-02 19:45:44","ACME UK","","","Customer Support"
"bushra.akhtar","Bushra Akhtar","bushra.akhtar@example.com","true","2022-03-17 09:25:39","2022-05-02 19:45:45","","Vice President","","Development"
"buster.wubbel","Buster Wubbel","buster.wubbel@example.com","true","2012-02-17 19:04:52","2022-05-02 19:45:45","ACME Czech Republic","","","Product Management"
"byron.fortuna","Byron Fortuna","byron.fortuna@example.com","true","2012-02-17 19:04:51","2022-05-02 19:45:45","ACME Italy","","","IT"
"Cab Approver","cab approver","cab.approver@example.com","true","2018-07-30 06:30:31","2022-05-02 19:45:47","","","",""
"caitlin.reiniger","Caitlin Reiniger","caitlin.reiniger@example.com","true","2012-02-17 19:04:53","2022-05-02 19:45:48","ACME UK","","","Sales"
"callie.leboeuf","Callie Leboeuf","callie.leboeuf@example.com","true","2012-02-17 19:04:53","2022-05-02 19:45:47","ACME UK","","","Sales"
"cameron.richard","Cameron Richard","cameron.richard@example.com","true","2021-03-19 08:49:29","2022-05-02 19:45:45","","Director","","Development"
"candice.bruckman","Candice Bruckman","candice.bruckman@example.com","true","2012-02-17 19:04:50","2022-05-02 19:45:47","ACME North America","","","Development"
"carla.humble","Carla Humble","carla.humble@example.com","true","2012-02-17 19:04:52","2022-05-02 19:45:47","ACME Japan","","","Product Management"
"carla.sirbaugh","Carla Sirbaugh","carla.sirbaugh@example.com","true","2012-02-17 19:04:52","2022-05-02 19:45:47","ACME UK","","","Product Management"
"carmel.overfelt","Carmel Overfelt","carmel.overfelt@example.com","true","2012-02-17 19:04:50","2022-05-02 19:45:43","ACME UK","","","Customer Support"
"carmella.wishman","Carmella Wishman","carmella.wishman@example.com","true","2012-02-17 19:04:52","2022-05-02 19:45:45","ACME Japan","","","Product Management"
"carol.coughlin","Carol Coughlin","carol.coughlin@example.com","true","2006-02-07 15:03:17","2022-05-02 19:45:45","ACME North America","","","Sales"
"carol.krisman","Carol Krisman","carol.krisman@example.com","true","2012-02-17 19:04:53","2022-05-02 19:45:48","ACME Germany","","","Sales"
"carolina.kinlaw","Carolina Kinlaw","carolina.kinlaw@example.com","true","2012-02-17 19:04:52","2022-05-02 19:45:44","ACME France","","","Sales"
"cary.mccamey","Cary Mccamey","cary.mccamey@example.com","true","2012-02-17 19:04:53","2022-05-02 19:45:44","ACME North America","","","Sales"
"cathryn.nicolaus","Cathryn Nicolaus","cathryn.nicolaus@example.com","true","2012-02-17 19:04:49","2022-05-02 19:45:46","ACME France","","","Customer Support"
"celia.slavin","Celia Slavin","celia.slavin@example.com","true","2012-02-17 19:04:52","2022-05-02 19:45:46","ACME Czech Republic","","","Sales"
"certification_admin","Certification Admin","certification.admin@example.com","true","2012-10-02 11:48:02","2022-05-02 19:45:48","","","",""
"certification_user","Certification User","certification@example.com","true","2012-10-02 11:40:54","2022-05-02 19:45:43","","","",""
"chad.araiza","Chad Araiza","chad.araiza@example.com","true","2012-02-17 19:04:53","2022-05-02 19:45:46","ACME Italy","","","Sales"
"chad.miklas","Chad Miklas","chad.miklas@example.com","true","2012-02-17 19:04:53","2022-05-02 19:45:47","ACME Germany","","","Sales"
"change.atf","ATF Change Management","","true","2022-03-17 01:50:50","2022-05-02 19:45:47","","","",""
"Change.Manager","Change Manager","change.manager@example.com","true","2015-06-23 22:19:00","2022-05-02 19:45:48","","","",""
"charity.dyckman","Charity Dyckman","charity.dyckman@example.com","true","2012-02-17 19:04:50","2022-05-02 19:45:46","ACME South America","","","Finance"
"charles.beckley","Charles Beckley","charles.beckley@example.com","true","2006-07-11 14:18:51","2022-05-02 19:45:45","ACME North America","","","Sales"
"charlie.whitherspoon","Charlie Whitherspoon","charlie.whitherspoon@example.com","true","2006-02-07 14:53:45","2022-05-02 19:45:44","ACME North America","","","Sales"
"chase.furler","Chase Furler","chase.furler@example.com","true","2012-02-17 19:04:52","2022-05-02 19:45:48","ACME France","","","Sales"
"cherie.fuhri","Cherie Fuhri","cherie.fuhri@example.com","true","2012-02-17 19:04:49","2022-05-02 19:45:43","ACME South America","","","Customer Support"
"cherie.schronce","Cherie Schronce","cherie.schronce@example.com","true","2012-02-17 19:04:52","2022-05-02 19:45:45","ACME South America","","","IT"
"chi.greenlaw","Chi Greenlaw","chi.greenlaw@example.com","true","2012-02-17 19:04:50","2022-05-02 19:45:44","ACME Australia","","","Finance"
"chris.harris","Chris Harris","chris.harris@example.com","true","2019-10-07 00:48:26","2022-05-02 19:45:47","","","",""
"christa.bodenschatz","Christa Bodenschatz","christa.bodenschatz@example.com","true","2012-02-17 19:04:50","2022-05-02 19:45:43","ACME Australia","","","Finance"
"christen.mitchell","Christen Mitchell","christen.mitchell@example.com","true","2007-05-16 15:26:42","2022-05-02 19:45:46","ACME North America","Junior Developer","","Development"
"christian.marnell","Christian Marnell","christian.marnell@example.com","true","2012-02-17 19:04:50","2022-05-02 19:45:43","ACME Czech Republic","","","Finance"
"chuck.farley","Chuck Farley","chuck.farley@example.com","true","2007-08-12 16:12:48","2022-05-02 19:45:45","ACME North America","Director Sales West","","Sales"
"claire.moyerman","Claire Moyerman","claire.moyerman@example.com","true","2012-02-17 19:04:50","2022-05-02 19:45:46","ACME France","","","Finance"
"clarice.knower","Clarice Knower","clarice.knower@example.com","true","2012-02-17 19:04:49","2022-05-02 19:45:47","ACME South America","","","Customer Support"
"claudio.loose","Claudio Loose","claudio.loose@example.com","true","2012-02-17 19:04:50","2022-05-02 19:45:46","ACME North America","","","Customer Support"
"cmdb_admin","CMDB Admin","cmdb.admin@example.com","true","2018-06-15 16:12:25","2022-05-02 19:45:46","","","",""
"coleman.cuneo","Coleman Cuneo","coleman.cuneo@example.com","true","2012-02-17 19:04:50","2022-05-02 19:45:45","ACME UK","","","Finance"
"colin.altonen","Colin Altonen","colin.altonen@example.com","true","2012-02-17 19:04:50","2022-05-02 19:45:46","ACME North America","","","Development"
"concetta.sarchett","Concetta Sarchett","concetta.sarchett@example.com","true","2012-02-17 19:04:51","2022-05-02 19:45:44","ACME Germany","","","IT"
"conrad.lanfear","Conrad Lanfear","conrad.lanfear@example.com","true","2012-02-17 19:04:50","2022-05-02 19:45:44","ACME North America","","","Development"
"corinne.cowan","Corinne Cowan","corinne.cowan@example.com","true","2012-02-17 19:04:50","2022-05-02 19:45:44","ACME UK","","","Finance"
"courtney.shishido","Courtney Shishido","courtney.shishido@example.com","true","2012-02-17 19:04:50","2022-05-02 19:45:47","ACME Australia","","","Finance"
"cred.admin","Credential Admin","cred.admin@example.com","true","2013-07-26 10:30:40","2022-05-02 19:45:46","","","(555) 555-5557",""
"cristina.sharper","Cristina Sharper","cristina.sharper@example.com","true","2012-02-17 19:04:53","2022-05-02 19:45:48","ACME North America","","","Sales"
"cristopher.wiget","Cristopher Wiget","cristopher.wiget@example.com","true","2012-02-17 19:04:49","2022-05-02 19:45:44","ACME France","","","Customer Support"
"cruz.roudabush","Cruz Roudabush","cruz.roudabush@example.com","true","2012-02-17 19:04:52","2022-05-02 19:45:45","ACME North America","","","IT"
"curt.menedez","Curt Menedez","curt.menedez@example.com","true","2012-02-17 19:04:52","2022-05-02 19:45:47","ACME UK","","","IT"
"cyril.behen","Cyril Behen","cyril.behen@example.com","true","2012-02-17 19:04:50","2022-05-02 19:45:43","ACME North America","","","Development"
"damion.matkin","Damion Matkin","damion.matkin@example.com","true","2012-02-17 19:04:49","2022-05-02 19:45:48","ACME France","","","Customer Support"
"danette.fostervold","Danette Fostervold","danette.fostervold@example.com","true","2012-02-17 19:04:50","2022-05-02 19:45:47","ACME UK","","","Finance"
"daniel.zill","Daniel Zill","daniel.zill@example.com","true","2012-02-17 19:04:50","2022-05-02 19:45:45","ACME France","","","Finance"
"danny.dales","Danny Dales","danny.dales@example.com","true","2012-02-17 19:04:49","2022-05-02 19:45:46","ACME Japan","","","Customer Support"
"darrel.ruffins","Darrel Ruffins","darrel.ruffins@example.com","true","2012-02-17 19:04:51","2022-05-02 19:45:48","ACME China","","","IT"
"darrel.tork","Darrel Tork","darrel.tork@example.com","true","2012-02-17 19:04:50","2022-05-02 19:45:47","ACME UK","","","Customer Support"
"darrell.amrich","Darrell Amrich","darrell.amrich@example.com","true","2012-02-17 19:04:49","2022-05-02 19:45:48","ACME Australia","","","Customer Support"
"darren.merlin","Darren Merlin","darren.merlin@example.com","true","2012-02-17 19:04:52","2022-05-02 19:45:44","ACME North America","","","IT"
"darrin.neiss","Darrin Neiss","darrin.neiss@example.com","true","2012-02-17 19:04:53","2022-05-02 19:45:46","ACME UK","","","Sales"
"david.dan","David Dan","david.dan@example.com","true","2006-02-07 15:07:08","2022-05-02 19:45:45","ACME North America","","","Sales"
"david.loo","David Loo","david.loo@example.com","true","2008-03-29 17:00:00","2022-05-02 19:45:45","ACME North America","","","Development"
"David.Miller","David Miller","david.miller@example.com","true","2018-07-17 23:32:26","2022-05-02 19:45:46","","","","Product Management"
"davin.czukowski","Davin Czukowski","davin.czukowski@example.com","true","2008-01-13 13:01:26","2022-05-02 19:45:45","ACME UK","Director Sales East","","Sales"
"davis.brevard","Davis Brevard","davis.brevard@example.com","true","2012-02-17 19:04:53","2022-05-02 19:45:47","ACME North America","","","Sales"
"davis.heideman","Davis Heideman","davis.heideman@example.com","true","2012-02-17 19:04:52","2022-05-02 19:45:45","ACME UK","","","IT"
"deandre.resendiz","Deandre Resendiz","deandre.resendiz@example.com","true","2012-02-17 19:04:49","2022-05-02 19:45:44","ACME Japan","","","Customer Support"
"deanna.gerbi","Deanna Gerbi","deanna.gerbi@example.com","true","2012-02-17 19:04:51","2022-05-02 19:45:46","ACME China","","","IT"
"deepa.shah","Deepa Shah","deepa.shah@example.com","true","2012-11-17 15:15:42","2022-05-02 19:45:46","ACME South America","","","Development"
"delmer.delucas","Delmer Delucas","delmer.delucas@example.com","true","2012-02-17 19:04:49","2022-05-02 19:45:46","ACME South America","","","Customer Support"
"delphine.helmich","Delphine Helmich","delphine.helmich@example.com","true","2012-02-17 19:04:50","2022-05-02 19:45:46","ACME Germany","","","Finance"
"denice.nordlinger","Denice Nordlinger","denice.nordlinger@example.com","true","2012-02-17 19:04:51","2022-05-02 19:45:44","ACME Japan","","","IT"
"denise.speegle","Denise Speegle","denise.speegle@example.com","true","2012-02-17 19:04:50","2022-05-02 19:45:44","ACME Germany","","","Finance"
"dennis.millar","Dennis Millar","dennis.millar@example.com","true","2007-08-12 16:06:27","2022-05-02 19:45:45","ACME North America","Account Exec Northeast","","Sales"
"denver.topete","Denver Topete","denver.topete@example.com","true","2012-02-17 19:04:49","2022-05-02 19:45:45","ACME South America","","","Customer Support"
"derek.kreutzbender","Derek Kreutzbender","derek.kreutzbender@example.com","true","2012-02-17 19:04:49","2022-05-02 19:45:43","ACME Japan","","","Customer Support"
"deshawn.inafuku","Deshawn Inafuku","deshawn.inafuku@example.com","true","2012-02-17 19:04:52","2022-05-02 19:45:48","ACME North America","","","IT"
"devon.samrah","Devon Samrah","devon.samrah@example.com","true","2012-02-17 19:04:51","2022-05-02 19:45:48","ACME Germany","","","IT"
"devon.teston","Devon Teston","devon.teston@example.com","true","2012-02-17 19:04:50","2022-05-02 19:45:43","ACME Germany","","","Finance"
"diana.temple","Diana Temple","diana.temple@example.com","true","2007-08-12 16:23:57","2022-05-02 19:45:45","ACME UK","Account Exec Fortune 500","","Sales"
"diann.burigsay","Diann Burigsay","diann.burigsay@example.com","true","2012-02-17 19:04:50","2022-05-02 19:45:47","ACME Germany","","","Finance"
"dionne.borycz","Dionne Borycz","dionne.borycz@example.com","true","2012-02-17 19:04:50","2022-05-02 19:45:46","ACME Australia","","","IT"
"dollie.daquino","Dollie Daquino","dollie.daquino@example.com","true","2012-02-17 19:04:50","2022-05-02 19:45:45","ACME North America","","","Customer Support"
"dollie.pillitteri","Dollie Pillitteri","dollie.pillitteri@example.com","true","2012-02-17 19:04:53","2022-05-02 19:45:43","ACME Germany","","","Sales"
"don.goodliffe","Don Goodliffe","don.goodliffe@example.com","true","2005-05-02 12:28:40","2022-05-02 19:45:47","ACME North America","","","Development"
"don.mestler","Don Mestler","don.mestler@example.com","true","2012-02-17 19:04:53","2022-05-02 19:45:44","ACME Italy","","","Sales"
"donald.sherretts","Donald Sherretts","donald.sherretts@example.com","true","2012-02-17 19:04:49","2022-05-02 19:45:46","ACME Germany","","","Customer Support"
"doreen.sakurai","Doreen Sakurai","doreen.sakurai@example.com","true","2012-02-17 19:04:52","2022-05-02 19:45:46","ACME Australia","","","Sales"
"dorothea.sweem","Dorothea Sweem","dorothea.sweem@example.com","true","2012-02-17 19:04:50","2022-05-02 19:45:47","ACME North America","","","Development"
"dorthy.alexy","Dorthy Alexy","dorthy.alexy@example.com","true","2012-02-17 19:04:50","2022-05-02 19:45:46","ACME North America","","","Development"
"doug.matrisciano","Doug Matrisciano","doug.matrisciano@example.com","true","2012-02-17 19:04:49","2022-05-02 19:45:44","ACME Germany","","","Customer Support"
"dude.lewbowskie","Dude Lewbowskie","dude.lewbowskie@example.com","true","2007-08-12 16:26:46","2022-05-02 19:45:45","ACME North America","Inside Sales","","Sales"
"dwain.agricola","Dwain Agricola","dwain.agricola@example.com","true","2012-02-17 19:04:53","2022-05-02 19:45:45","ACME UK","","","Sales"
"dwain.cuttitta","Dwain Cuttitta","dwain.cuttitta@example.com","true","2012-02-17 19:04:50","2022-05-02 19:45:43","ACME North America","","","Customer Support"
"dwayne.maddalena","Dwayne Maddalena","dwayne.maddalena@example.com","true","2012-02-17 19:04:52","2022-05-02 19:45:44","ACME UK","","","IT"
"ecmdb_admin","ECMDB Admin","ecmdb.admin@example.com","true","2018-06-15 17:06:55","2022-05-02 19:45:46","","","",""
"ed.gompf","Ed Gompf","ed.gompf@example.com","true","2012-02-17 19:04:49","2022-05-02 19:45:48","ACME Germany","","","Customer Support"
"eddie.gauer","Eddie Gauer","eddie.gauer@example.com","true","2012-02-17 19:04:51","2022-05-02 19:45:48","ACME Japan","","","IT"
"edgardo.prudente","Edgardo Prudente","edgardo.prudente@example.com","true","2012-02-17 19:04:52","2022-05-02 19:45:47","ACME France","","","Sales"
"eduardo.bellendir","Eduardo Bellendir","eduardo.bellendir@example.com","true","2012-02-17 19:04:51","2022-05-02 19:45:46","ACME France","","","IT"
"edwin.lavelli","Edwin Lavelli","edwin.lavelli@example.com","true","2012-02-17 19:04:50","2022-05-02 19:45:45","ACME South America","","","Finance"
"efren.baucher","Efren Baucher","efren.baucher@example.com","true","2012-02-17 19:04:53","2022-05-02 19:45:45","ACME UK","","","Sales"
"elaine.renzi","Elaine Renzi","elaine.renzi@example.com","true","2012-02-17 19:04:52","2022-05-02 19:45:44","ACME China","","","Product Management"
"eldon.sutch","Eldon Sutch","eldon.sutch@example.com","true","2012-02-17 19:04:53","2022-05-02 19:45:48","ACME Germany","","","Sales"
"eli.bettner","Eli Bettner","eli.bettner@example.com","true","2012-02-17 19:04:51","2022-05-02 19:45:45","ACME Czech Republic","","","IT"
"elisa.gracely","Elisa Gracely","elisa.gracely@example.com","true","2012-02-17 19:04:52","2022-05-02 19:45:44","ACME Italy","","","Product Management"
"eliseo.wice","Eliseo Wice","eliseo.wice@example.com","true","2012-02-17 19:04:53","2022-05-02 19:45:44","ACME France","","","Sales"
"ella.pahnke","Ella Pahnke","ella.pahnke@example.com","true","2012-02-17 19:04:49","2022-05-02 19:45:47","ACME China","","","Customer Support"
"elmo.dagenais","Elmo Dagenais","elmo.dagenais@example.com","true","2012-02-17 19:04:53","2022-05-02 19:45:47","ACME UK","","","Sales"
"elmo.gabouer","Elmo Gabouer","elmo.gabouer@example.com","true","2012-02-17 19:04:53","2022-05-02 19:45:43","ACME UK","","","Sales"
"elvira.blumenthal","Elvira Blumenthal","elvira.blumenthal@example.com","true","2012-02-17 19:04:52","2022-05-02 19:45:47","ACME North America","","","IT"
"emery.reek","Emery Reek","emery.reek@example.com","true","2012-02-17 19:04:49","2022-05-02 19:45:44","ACME Italy","","","Customer Support"
"emilia.oxley","Emilia Oxley","emilia.oxley@example.com","true","2012-02-17 19:04:49","2022-05-02 19:45:47","ACME Australia","","","Customer Support"
"emilio.lampkin","Emilio Lampkin","emilio.lampkin@example.com","true","2012-02-17 19:04:49","2022-05-02 19:45:48","ACME Czech Republic","","","Customer Support"
"employee","Joe Employee","employee@example.com","true","2004-07-03 11:26:05","2022-05-02 19:45:45","ACME North America","Administrative Assistant","","Sales"
"enrique.oroark","Enrique Oroark","enrique.oroark@example.com","true","2012-02-17 19:04:50","2022-05-02 19:45:44","ACME North America","","","Development"
"eric.schroeder","Eric Schroeder","eric.schroeder@example.com","true","2007-07-03 11:50:20","2022-05-02 19:45:46","ACME North America","","","Sales"
"erica.eyrich","Erica Eyrich","erica.eyrich@example.com","true","2012-02-17 19:04:50","2022-05-02 19:45:46","ACME Japan","","","Finance"
"essie.vaill","Essie Vaill","essie.vaill@example.com","true","2012-02-17 19:04:53","2022-05-02 19:45:46","ACME North America","","","Sales"
"eva.seahorn","Eva Seahorn","eva.seahorn@example.com","true","2012-02-17 19:04:50","2022-05-02 19:45:43","ACME North America","","","Development"
"evan.pyfrom","Evan Pyfrom","evan.pyfrom@example.com","true","2012-02-17 19:04:53","2022-05-02 19:45:46","ACME Germany","","","Sales"
"ezekiel.mildon","Ezekiel Mildon","ezekiel.mildon@example.com","true","2012-02-17 19:04:51","2022-05-02 19:45:45","ACME China","","","IT"
"fabian.mcshaw","Fabian Mcshaw","fabian.mcshaw@example.com","true","2012-02-17 19:04:53","2022-05-02 19:45:48","ACME France","","","Sales"
"fannie.steese","Fannie Steese","fannie.steese@example.com","true","2012-02-17 19:04:50","2022-05-02 19:45:47","ACME North America","","","Customer Support"
"fausto.marks","Fausto Marks","fausto.marks@example.com","true","2012-02-17 19:04:50","2022-05-02 19:45:46","ACME Australia","","","Finance"
"felecia.riedl","Felecia Riedl","felecia.riedl@example.com","true","2012-02-17 19:04:49","2022-05-02 19:45:47","ACME France","","","Customer Support"
"felipe.gould","Felipe Gould","felipe.gould@example.com","true","2012-02-17 19:04:50","2022-05-02 19:45:47","ACME North America","","","Development"
"felipe.mahone","Felipe Mahone","felipe.mahone@example.com","true","2012-02-17 19:04:50","2022-05-02 19:45:46","ACME UK","","","Customer Support"
"florine.willardson","Florine Willardson","florine.willardson@example.com","true","2012-02-17 19:04:53","2022-05-02 19:45:44","ACME Germany","","","Sales"
"floyd.veazey","Floyd Veazey","floyd.veazey@example.com","true","2012-02-17 19:04:52","2022-05-02 19:45:44","ACME Czech Republic","","","Sales"
"forest.orea","Forest Orea","forest.orea@example.com","true","2012-02-17 19:04:50","2022-05-02 19:45:45","ACME Australia","","","IT"
"fran.zanders","Fran Zanders","fran.zanders@example.com","true","2012-02-17 19:04:51","2022-05-02 19:45:46","ACME Germany","","","IT"
"francis.soo","Francis Soo","francis.soo@example.com","true","2012-02-17 19:04:50","2022-05-02 19:45:46","ACME North America","","","Development"
"frankie.morein","Frankie Morein","frankie.morein@example.com","true","2012-02-17 19:04:51","2022-05-02 19:45:44","ACME China","","","IT"
"fred.kunde","Fred Kunde","fred.kunde@example.com","true","2012-02-17 19:04:49","2022-05-02 19:45:46","ACME France","","","Customer Support"
"fred.luddy","Fred Luddy","fred.luddy@example.com","true","2004-05-01 17:00:00","2022-05-02 19:45:45","ACME North America","Programmer","","Development"
"freeman.soula","Freeman Soula","freeman.soula@example.com","true","2012-02-17 19:04:51","2022-05-02 19:45:46","ACME Japan","","","IT"
"freida.michelfelder","Freida Michelfelder","freida.michelfelder@example.com","true","2012-02-17 19:04:49","2022-05-02 19:45:46","ACME Australia","","","Customer Support"
"gale.nolau","Gale Nolau","gale.nolau@example.com","true","2012-02-17 19:04:52","2022-05-02 19:45:45","ACME North America","","","IT"
"garfield.lijewski","Garfield Lijewski","garfield.lijewski@example.com","true","2012-02-17 19:04:52","2022-05-02 19:45:48","ACME UK","","","IT"
"garth.skiffington","Garth Skiffington","garth.skiffington@example.com","true","2012-02-17 19:04:51","2022-05-02 19:45:45","ACME France","","","IT"
"gaston.cieloszyk","Gaston Cieloszyk","gaston.cieloszyk@example.com","true","2012-02-17 19:04:50","2022-05-02 19:45:46","ACME North America","","","Customer Support"
"gayla.geimer","Gayla Geimer","gayla.geimer@example.com","true","2012-02-17 19:04:53","2022-05-02 19:45:47","ACME Germany","","","Sales"
"genevieve.kekiwi","Genevieve Kekiwi","genevieve.kekiwi@example.com","true","2012-02-17 19:04:49","2022-05-02 19:45:44","ACME Australia","","","Customer Support"
"george.grey","George Grey","george.grey@example.com","true","2007-08-12 15:54:56","2022-05-02 19:45:45","ACME North America","Account Exec SMB","","Sales"
"george.tukis","George Tukis","george.tukis@example.com","true","2012-02-17 19:04:49","2022-05-02 19:45:47","ACME Czech Republic","","","Customer Support"
"george.washington","George Washington","george.washington@example.com","true","2013-07-23 17:12:31","2022-05-02 19:45:45","","","(555) 555-0001",""
"georgette.bandyk","Georgette Bandyk","georgette.bandyk@example.com","true","2012-02-17 19:04:50","2022-05-02 19:45:45","ACME UK","","","Customer Support"
"geri.forness","Geri Forness","geri.forness@example.com","true","2012-02-17 19:04:50","2022-05-02 19:45:43","ACME UK","","","Customer Support"
"germaine.bruski","Germaine Bruski","germaine.bruski@example.com","true","2012-02-17 19:04:50","2022-05-02 19:45:48","ACME South America","","","Finance"
"gil.scarpa","Gil Scarpa","gil.scarpa@example.com","true","2012-02-17 19:04:52","2022-05-02 19:45:47","ACME UK","","","IT"
"gisela.kosicki","Gisela Kosicki","gisela.kosicki@example.com","true","2012-02-17 19:04:51","2022-05-02 19:45:43","ACME France","","","IT"
"gracie.ehn","Gracie Ehn","gracie.ehn@example.com","true","2012-02-17 19:04:50","2022-05-02 19:45:45","ACME North America","","","Customer Support"
"gregg.guevarra","Gregg Guevarra","gregg.guevarra@example.com","true","2012-02-17 19:04:49","2022-05-02 19:45:47","ACME Japan","","","Customer Support"
"guest","Guest","guest@example.com","true","2004-05-01 17:00:00","2022-05-02 19:45:45","","","",""
"guillermo.frohich","Guillermo Frohlich","guillermo.frohlich@example.com","true","2022-03-21 08:04:03","2022-05-02 19:45:45","","Chief Financial Officer","","Development"
"guillermo.tsang","Guillermo Tsang","guillermo.tsang@example.com","true","2012-02-17 19:04:49","2022-05-02 19:45:47","ACME UK","","","Customer Support"
"haley.rocheford","Haley Rocheford","haley.rocheford@example.com","true","2012-02-17 19:04:53","2022-05-02 19:45:44","ACME North America","","","Sales"
"hanna.cinkan","Hanna Cinkan","hanna.cinkan@example.com","true","2012-02-17 19:04:52","2022-05-02 19:45:48","ACME China","","","Product Management"
"hannah.facio","Hannah Facio","hannah.facio@example.com","true","2012-02-17 19:04:53","2022-05-02 19:45:44","ACME UK","","","Sales"
"hans.carlan","Hans Carlan","hans.carlan@example.com","true","2012-02-17 19:04:53","2022-05-02 19:45:46","ACME Germany","","","Sales"
"heath.vanalphen","Heath Vanalphen","heath.vanalphen@example.com","true","2012-02-17 19:04:53","2022-05-02 19:45:48","ACME UK","","","Sales"
"helena.suermann","Helena Suermann","helena.suermann@example.com","true","2012-02-17 19:04:49","2022-05-02 19:45:46","ACME UK","","","Customer Support"
"helene.iberg","Helene Iberg","helene.iberg@example.com","true","2012-02-17 19:04:51","2022-05-02 19:45:45","ACME Germany","","","IT"
"helga.windle","Helga Windle","helga.windle@example.com","true","2012-02-17 19:04:49","2022-05-02 19:45:45","ACME UK","","","Customer Support"
"Help Desk","User 1","help.desk@example.com","true","2022-03-24 02:52:08","2022-05-02 19:45:43","","","",""
"henrietta.cintora","Henrietta Cintora","henrietta.cintora@example.com","true","2012-02-17 19:04:52","2022-05-02 19:45:44","ACME North America","","","IT"
"heriberto.tivis","Heriberto Tivis","heriberto.tivis@example.com","true","2012-02-17 19:04:52","2022-05-02 19:45:46","ACME France","","","Sales"
"hilario.cassa","Hilario Cassa","hilario.cassa@example.com","true","2012-02-17 19:04:51","2022-05-02 19:45:44","ACME Germany","","","IT"
"hillary.holmes","Hillary Holmes","hillary.holmes@example.com","true","2012-02-17 19:04:52","2022-05-02 19:45:48","ACME China","","","Sales"
"howard.johnson","Howard Johnson","howard.johnson@example.com","true","2006-02-07 15:12:59","2022-05-02 19:45:45","ACME North America","","","Sales"
"ike.benthin","Ike Benthin","ike.benthin@example.com","true","2012-02-17 19:04:53","2022-05-02 19:45:44","ACME Germany","","","Sales"
"ike.zeolla","Ike Zeolla","ike.zeolla@example.com","true","2012-02-17 19:04:52","2022-05-02 19:45:45","ACME UK","","","IT"
"Incident.Manager","Incident Manager","incident.manager@example.com","true","2017-05-16 04:09:42","2022-05-02 19:45:45","ACME North America","","","Sales"
"Incident.Manageratf","Incident Manageratf","Incident.Manageratf@example.com","true","2018-07-18 00:29:02","2022-05-02 19:45:47","","","","Sales"
"instance.sec.user","Performance Analytics Security Center User","","true","2022-03-17 20:25:59","2022-05-02 19:45:44","","","",""
"inventory_admin","Inventory Admin","Inventory.Admin@example.com","true","2012-03-19 18:02:55","2022-05-02 19:45:47","","Tester","",""
"ione.kucera","Ione Kucera","ione.kucera@example.com","true","2012-02-17 19:04:49","2022-05-02 19:45:48","ACME Australia","","","Customer Support"
"isaac.davensizer","Isaac Davensizer","isaac.davensizer@example.com","true","2012-02-17 19:04:49","2022-05-02 19:45:46","ACME Japan","","","Customer Support"
"isaac.zackery","Isaac Zackery","isaac.zackery@example.com","true","2012-02-17 19:04:49","2022-05-02 19:45:47","ACME Germany","","","Customer Support"
"isabell.armout","Isabell Armout","isabell.armout@example.com","true","2012-02-17 19:04:53","2022-05-02 19:45:48","ACME Germany","","","Sales"
"isiah.phernetton","Isiah Phernetton","isiah.phernetton@example.com","true","2012-02-17 19:04:51","2022-05-02 19:45:45","ACME Japan","","","IT"
"itam","Asset Manager","itam@example.com","true","2006-02-07 20:15:04","2022-05-02 19:45:45","ACME UK","","","IT"
"itil","ITIL User","itil@example.com","true","2004-07-03 11:26:21","2022-05-02 19:45:45","ACME North America","IT Technician","","Sales"
"jacinto.gawron","Jacinto Gawron","jacinto.gawron@example.com","true","2012-02-17 19:04:50","2022-05-02 19:45:43","ACME North America","","","Customer Support"
"jacklyn.emayo","Jacklyn Emayo","jacklyn.emayo@example.com","true","2012-02-17 19:04:50","2022-05-02 19:45:47","ACME North America","","","Customer Support"
"jade.erlebach","Jade Erlebach","jade.erlebach@example.com","true","2012-02-17 19:04:51","2022-05-02 19:45:48","ACME Germany","","","IT"
"jake.throgmorton","Jake Throgmorton","jake.throgmorton@example.com","true","2012-11-17 15:14:49","2022-05-02 19:45:46","ACME South America","","","Development"
"james.smith","James Smith","james.smith@example.com","true","2019-10-07 00:56:07","2022-05-02 19:45:46","","","",""
"janet.rathrock","Janet Rathrock","janet.rathrock@example.com","true","2012-02-17 19:04:53","2022-05-02 19:45:45","ACME Japan","","","Sales"
"janet.schaffter","Janet Schaffter","janet.schaffter@example.com","true","2012-02-17 19:04:52","2022-05-02 19:45:44","ACME UK","","","IT"
"janice.twiet","Janice Twiet","janice.twiet@example.com","true","2012-02-17 19:04:49","2022-05-02 19:45:48","ACME Italy","","","Customer Support"
"jannie.bowditch","Jannie Bowditch","jannie.bowditch@example.com","true","2012-02-17 19:04:52","2022-05-02 19:45:48","ACME North America","","","IT"
"jarrett.kenzie","Jarrett Kenzie","jarrett.kenzie@example.com","true","2012-02-17 19:04:49","2022-05-02 19:45:44","ACME France","","","Customer Support"
"jarvis.galas","Jarvis Galas","jarvis.galas@example.com","true","2012-02-17 19:04:50","2022-05-02 19:45:46","ACME North America","","","Customer Support"
"jasmin.gum","Jasmin Gum","jasmin.gum@example.com","true","2012-02-17 19:04:53","2022-05-02 19:45:47","ACME France","","","Sales"
"jason.roy","Jason Roy","json.roy@example.com","true","2019-10-07 00:55:05","2022-05-02 19:45:45","","","",""
"jeanie.dalen","Jeanie Dalen","jeanie.dalen@example.com","true","2012-02-17 19:04:49","2022-05-02 19:45:45","ACME Japan","","","Customer Support"
"jeremy.lampi","Jeremy Lampi","jeremy.lampi@example.com","true","2012-02-17 19:04:51","2022-05-02 19:45:46","ACME Germany","","","IT"
"jeri.farstvedt","Jeri Farstvedt","jeri.farstvedt@example.com","true","2012-02-17 19:04:53","2022-05-02 19:45:48","ACME Italy","","","Sales"
"jerrod.bennett","Jerrod Bennett","jerrod.bennett@example.com","true","2007-08-12 12:12:18","2022-05-02 19:45:45","ACME North America","Developer","","Development"
"jess.assad","Jess Assad","jess.assad@example.com","true","2012-02-17 19:04:49","2022-05-02 19:45:43","ACME Japan","","","Customer Support"
"jessie.barkle","Jessie Barkle","jessie.barkle@example.com","true","2012-02-17 19:04:53","2022-05-02 19:45:44","ACME Japan","","","Sales"
"jewel.agresta","Jewel Agresta","jewel.agresta@example.com","true","2012-02-17 19:04:49","2022-05-02 19:45:43","ACME UK","","","Customer Support"
"jfk","John Kennedy","jfk@example.com","true","2013-07-23 17:35:21","2022-05-02 19:45:45","","","(555) 555-0006",""
"jim.ranzetti","Jim Ranzetti","jim.ranzetti@example.com","true","2006-07-12 06:02:17","2022-05-02 19:45:45","ACME North America","Vice President","","Sales"
"jimmie.barninger","Jimmie Barninger","jimmie.barninger@example.com","true","2012-02-17 19:04:49","2022-05-02 19:45:43","ACME South America","","","Customer Support"
"jimmie.hardgrove","Jimmie Hardgrove","jimmie.hardgrove@example.com","true","2012-02-17 19:04:53","2022-05-02 19:45:46","ACME South America","","","Sales"
"jimmie.kertzman","Jimmie Kertzman","jimmie.kertzman@example.com","true","2012-02-17 19:04:49","2022-05-02 19:45:46","ACME China","","","Customer Support"
"jimmie.zarzycki","Jimmie Zarzycki","jimmie.zarzycki@example.com","true","2012-02-17 19:04:52","2022-05-02 19:45:44","ACME France","","","Sales"
"jimmy.hrobsky","Jimmy Hrobsky","jimmy.hrobsky@example.com","true","2012-02-17 19:04:50","2022-05-02 19:45:45","ACME Australia","","","Finance"
"joel.nardo","Joel Nardo","joel.nardo@example.com","true","2012-02-17 19:04:52","2022-05-02 19:45:44","ACME Australia","","","Sales"
"joey.bolick","Joey Bolick","joey.bolick@example.com","true","2012-02-17 19:04:49","2022-05-02 19:45:47","ACME Italy","","","Customer Support"
"joey.sedore","Joey Sedore","joey.sedore@example.com","true","2012-02-17 19:04:51","2022-05-02 19:45:44","ACME Japan","","","IT"
"john.adams","John Adams","john.adams@example.com","true","2013-07-23 17:06:26","2022-05-02 19:45:46","","","(555) 555-0002",""
"john.bohnhamn","John Bohnhamn","john.bohnhamn@example.com","true","2007-08-12 16:25:35","2022-05-02 19:45:45","ACME North America","Inside Sales","","Sales"
"john.chipley","John Chipley","john.chipley@example.com","true","2012-02-17 19:04:50","2022-05-02 19:45:45","ACME North America","","","Development"
"john.retak","John Retak","john.retak@example.com","true","2006-07-11 14:04:03","2022-05-02 19:45:45","ACME North America","VP, Finance and securities","","Sales"
"johnie.minaai","Johnie Minaai","johnie.minaai@example.com","true","2012-02-17 19:04:53","2022-05-02 19:45:48","ACME Germany","","","Sales"
"johnnie.rheaves","Johnnie Rheaves","johnnie.rheaves@example.com","true","2012-02-17 19:04:49","2022-05-02 19:45:44","ACME China","","","Customer Support"
"jonathon.waldall","Jonathon Waldall","jonathon.waldall@example.com","true","2012-02-17 19:04:52","2022-05-02 19:45:48","ACME UK","","","IT"
"josephine.sotlar","Josephine Sotlar","josephine.sotlar@example.com","true","2012-02-17 19:04:49","2022-05-02 19:45:47","ACME Japan","","","Customer Support"
"jude.haza","Jude Haza","jude.haza@example.com","true","2012-02-17 19:04:53","2022-05-02 19:45:47","ACME Germany","","","Sales"
"judi.kivel","Judi Kivel","judi.kivel@example.com","true","2012-02-17 19:04:51","2022-05-02 19:45:48","ACME France","","","IT"
"judy.gartenmayer","Judy Gartenmayer","judy.gartenmayer@example.com","true","2012-02-17 19:04:51","2022-05-02 19:45:45","ACME Germany","","","IT"
"junior.wadlinger","Junior Wadlinger","junior.wadlinger@example.com","true","2012-02-17 19:04:52","2022-05-02 19:45:47","ACME UK","","","IT"
"justina.dragaj","Justina Dragaj","justina.dragaj@example.com","true","2012-02-17 19:04:50","2022-05-02 19:45:43","ACME North America","","","Development"
"jvittolo","James Vittolo","jvittolo@example.com","true","2006-07-11 14:16:15","2022-05-02 19:45:45","ACME North America","VP, Client Services","","Sales"
"karen.flierl","Karen Flierl","karen.flierl@example.com","true","2012-02-17 19:04:50","2022-05-02 19:45:43","ACME China","","","Finance"
"karen.zombo","Karen Zombo","karen.zombo@example.com","true","2012-02-17 19:04:53","2022-05-02 19:45:46","ACME UK","","","Sales"
"karla.ken","Karla Ken","karla.ken@example.com","true","2012-02-17 19:04:50","2022-05-02 19:45:47","ACME North America","","","Development"
"karyn.jinks","Karyn Jinks","karyn.jinks@example.com","true","2012-02-17 19:04:52","2022-05-02 19:45:44","ACME South America","","","IT"
"kasey.nguyen","Kasey Nguyen","kasey.nguyen@example.com","true","2012-02-17 19:04:49","2022-05-02 19:45:48","ACME China","","","Customer Support"
"kathie.argenti","Kathie Argenti","kathie.argenti@example.com","true","2012-02-17 19:04:50","2022-05-02 19:45:44","ACME North America","","","Customer Support"
"kathleen.beresnyak","Kathleen Beresnyak","kathleen.beresnyak@example.com","true","2012-02-17 19:04:50","2022-05-02 19:45:43","ACME North America","","","Customer Support"
"katina.ramano","Katina Ramano","katina.ramano@example.com","true","2012-02-17 19:04:52","2022-05-02 19:45:48","ACME France","","","Sales"
"katina.survant","Katina Survant","katina.survant@example.com","true","2012-02-17 19:04:52","2022-05-02 19:45:48","ACME Australia","","","Sales"
"kay.ganguli","Kay Ganguli","kay.ganguli@example.com","true","2012-02-17 19:04:49","2022-05-02 19:45:46","ACME Germany","","","Customer Support"
"keisha.ransonet","Keisha Ransonet","keisha.ransonet@example.com","true","2012-02-17 19:04:49","2022-05-02 19:45:44","ACME Germany","","","Customer Support"
"kelli.varrato","Kelli Varrato","kelli.varrato@example.com","true","2012-02-17 19:04:53","2022-05-02 19:45:46","ACME Germany","","","Sales"
"kennith.kirklin","Kennith Kirklin","kennith.kirklin@example.com","true","2012-02-17 19:04:49","2022-05-02 19:45:48","ACME Germany","","","Customer Support"
"kennith.peto","Kennith Peto","kennith.peto@example.com","true","2012-02-17 19:04:50","2022-05-02 19:45:44","ACME Australia","","","IT"
"kenya.bruni","Kenya Bruni","kenya.bruni@example.com","true","2012-02-17 19:04:52","2022-05-02 19:45:47","ACME North America","","","IT"
"kerry.evertt","Kerry Evertt","kerry.evertt@example.com","true","2012-02-17 19:04:50","2022-05-02 19:45:46","ACME North America","","","Development"
"kevin.edd","Kevin Edd","kevin.edd@example.com","true","2012-02-17 19:04:50","2022-05-02 19:45:45","ACME North America","","","Development"
"kira.papen","Kira Papen","kira.papen@example.com","true","2012-02-17 19:04:49","2022-05-02 19:45:46","ACME Japan","","","Customer Support"
"kira.staffon","Kira Staffon","kira.staffon@example.com","true","2012-02-17 19:04:50","2022-05-02 19:45:44","ACME Japan","","","Finance"
"kory.wooldridge","Kory Wooldridge","kory.wooldridge@example.com","true","2012-02-17 19:04:49","2022-05-02 19:45:47","ACME China","","","Customer Support"
"kris.persson","Kris Persson","kris.persson@example.com","true","2012-02-17 19:04:49","2022-05-02 19:45:48","ACME France","","","Customer Support"
"kris.stanzak","Kris Stanzak","kris.stanzak@example.com","true","2012-02-17 19:04:51","2022-05-02 19:45:46","ACME France","","","IT"
"kristine.paker","Kristine Paker","kristine.paker@example.com","true","2012-02-17 19:04:52","2022-05-02 19:45:45","ACME UK","","","IT"
"krystle.stika","Krystle Stika","krystle.stika@example.com","true","2012-02-17 19:04:50","2022-05-02 19:45:43","ACME North America","","","Development"
"kurtis.asberry","Kurtis Asberry","kurtis.asberry@example.com","true","2012-02-17 19:04:52","2022-05-02 19:45:47","ACME Germany","","","Sales"
"kurtis.mcbay","Kurtis Mcbay","kurtis.mcbay@example.com","true","2012-02-17 19:04:53","2022-05-02 19:45:45","ACME UK","","","Sales"
"kyle.ferri","Kyle Ferri","kyle.ferri@example.com","true","2012-02-17 19:04:53","2022-05-02 19:45:44","ACME Australia","","","Sales"
"kyle.lindauer","Kyle Lindauer","kyle.lindauer@example.com","true","2012-02-17 19:04:51","2022-05-02 19:45:43","ACME Germany","","","IT"
"kylie.bridgeman","Kylie Bridgeman","kylie.bridgeman@example.com","true","2012-02-17 19:04:53","2022-05-02 19:45:46","ACME France","","","Sales"
"lacy.belmont","Lacy Belmont","lacy.belmont@example.com","true","2012-02-17 19:04:49","2022-05-02 19:45:45","ACME Japan","","","Customer Support"
"lacy.hyten","Lacy Hyten","lacy.hyten@example.com","true","2012-02-17 19:04:53","2022-05-02 19:45:48","ACME Australia","","","Sales"
"lacy.woodfin","Lacy Woodfin","lacy.woodfin@example.com","true","2012-02-17 19:04:51","2022-05-02 19:45:45","ACME France","","","IT"
"lamar.mckibben","Lamar Mckibben","lamar.mckibben@example.com","true","2012-02-17 19:04:49","2022-05-02 19:45:47","ACME UK","","","Customer Support"
"lana.garrigus","Lana Garrigus","lana.garrigus@example.com","true","2012-02-17 19:04:49","2022-05-02 19:45:46","ACME UK","","","Customer Support"
"lana.keels","Lana Keels","lana.keels@example.com","true","2012-02-17 19:04:53","2022-05-02 19:45:44","ACME France","","","Sales"
"lane.brantz","Lane Brantz","lane.brantz@example.com","true","2012-02-17 19:04:52","2022-05-02 19:45:46","ACME Germany","","","Sales"
"lashawn.hasty","Lashawn Hasty","lashawn.hasty@example.com","true","2012-02-17 19:04:50","2022-05-02 19:45:47","ACME North America","","","Customer Support"
"lashonda.derouen","Lashonda Derouen","lashonda.derouen@example.com","true","2012-02-17 19:04:52","2022-05-02 19:45:45","ACME North America","","","IT"
"lashonda.enote","Lashonda Enote","lashonda.enote@example.com","true","2012-02-17 19:04:49","2022-05-02 19:45:47","ACME Germany","","","Customer Support"
"latisha.bahls","Latisha Bahls","latisha.bahls@example.com","true","2012-02-17 19:04:49","2022-05-02 19:45:47","ACME South America","","","Customer Support"
"laurie.bibbs","Laurie Bibbs","laurie.bibbs@example.com","true","2012-02-17 19:04:49","2022-05-02 19:45:47","ACME South America","","","Customer Support"
"laurie.bigg","Laurie Bigg","laurie.bigg@example.com","true","2012-02-17 19:04:49","2022-05-02 19:45:44","ACME UK","","","Customer Support"
"lee.javens","Lee Javens","lee.javens@example.com","true","2012-02-17 19:04:53","2022-05-02 19:45:44","ACME Germany","","","Sales"
"leif.arguin","Leif Arguin","leif.arguin@example.com","true","2012-02-17 19:04:53","2022-05-02 19:45:48","ACME Germany","","","Sales"
"leif.bachta","Leif Bachta","leif.bachta@example.com","true","2012-02-17 19:04:53","2022-05-02 19:45:47","ACME Australia","","","Sales"
"lesa.chantry","Lesa Chantry","lesa.chantry@example.com","true","2012-02-17 19:04:53","2022-05-02 19:45:44","ACME South America","","","Sales"
"leslie.cackowski","Leslie Cackowski","leslie.cackowski@example.com","true","2012-02-17 19:04:52","2022-05-02 19:45:47","ACME France","","","Sales"
"lina.hybarger","Lina Hybarger","lina.hybarger@example.com","true","2012-02-17 19:04:51","2022-05-02 19:45:48","ACME Germany","","","IT"
"lizzie.torregrossa","Lizzie Torregrossa","lizzie.torregrossa@example.com","true","2012-02-17 19:04:52","2022-05-02 19:45:48","ACME South America","","","IT"
"logan.muhl","Logan Muhl","logan.muhl@example.com","true","2012-02-17 19:04:49","2022-05-02 19:45:43","ACME UK","","","Customer Support"
"lona.scronce","Lona Scronce","lona.scronce@example.com","true","2012-02-17 19:04:49","2022-05-02 19:45:45","ACME Germany","","","Customer Support"
"lora.lendor","Lora Lendor","lora.lendor@example.com","true","2012-02-17 19:04:52","2022-05-02 19:45:44","ACME UK","","","IT"
"lottie.voll","Lottie Voll","lottie.voll@example.com","true","2012-02-17 19:04:52","2022-05-02 19:45:46","ACME North America","","","Product Management"
"lucas.santellana","Lucas Santellana","lucas.santellana@example.com","true","2012-02-17 19:04:50","2022-05-02 19:45:43","ACME Japan","","","Finance"
"luciano.truiolo","Luciano Truiolo","luciano.truiolo@example.com","true","2012-02-17 19:04:50","2022-05-02 19:45:47","ACME China","","","IT"
"lucien.iurato","Lucien Iurato","lucien.iurato@example.com","true","2012-02-17 19:04:50","2022-05-02 19:45:47","ACME North America","","","Development"
"lucius.bagnoli","Lucius Bagnoli","lucius.bagnoli@example.com","true","2012-02-17 19:04:49","2022-05-02 19:45:43","ACME Japan","","","Customer Support"
"lucius.winchester","Lucius Winchester","lucius.winchester@example.com","true","2012-02-17 19:04:53","2022-05-02 19:45:48","ACME France","","","Sales"
"luella.pliner","Luella Pliner","luella.pliner@example.com","true","2012-02-17 19:04:53","2022-05-02 19:45:48","ACME North America","","","Sales"
"luke.wilson","Luke Wilson","luke.wilson@example.com","true","2006-02-07 15:29:48","2022-05-02 19:45:45","ACME North America","","","Sales"
"lyman.whittley","Lyman Whittley","lyman.whittley@example.com","true","2012-02-17 19:04:49","2022-05-02 19:45:47","ACME France","","","Customer Support"
"lynda.caraway","Lynda Caraway","lynda.caraway@example.com","true","2012-02-17 19:04:50","2022-05-02 19:45:46","ACME North America","","","Customer Support"
"lynda.youtsey","Lynda Youtsey","lynda.youtsey@example.com","true","2012-02-17 19:04:49","2022-05-02 19:45:44","ACME Germany","","","Customer Support"
"lyndon.bellerdine","Lyndon Bellerdine","lyndon.bellerdine@example.com","true","2012-02-17 19:04:50","2022-05-02 19:45:44","ACME North America","","","Customer Support"
"lynette.setlock","Lynette Setlock","lynette.setlock@example.com","true","2012-02-17 19:04:49","2022-05-02 19:45:46","ACME Italy","","","Customer Support"
"lynn.saulsberry","Lynn Saulsberry","lynn.saulsberry@example.com","true","2012-02-17 19:04:49","2022-05-02 19:45:47","ACME UK","","","Customer Support"
"mabel.weeden","Mabel Weeden","mabel.weeden@example.com","true","2012-02-17 19:04:50","2022-05-02 19:45:43","ACME North America","","","Customer Support"
"mac.marksberry","Mac Marksberry","mac.marksberry@example.com","true","2012-02-17 19:04:49","2022-05-02 19:45:48","ACME Germany","","","Customer Support"
"mack.jurasin","Mack Jurasin","mack.jurasin@example.com","true","2012-02-17 19:04:50","2022-05-02 19:45:46","ACME North America","","","Development"
"madonna.cosby","Madonna Cosby","madonna.cosby@example.com","true","2012-02-17 19:04:53","2022-05-02 19:45:47","ACME UK","","","Sales"
"malissa.ziesemer","Malissa Ziesemer","malissa.ziesemer@example.com","true","2012-02-17 19:04:53","2022-05-02 19:45:47","ACME France","","","Sales"
"mamie.mcintee","Mamie Mcintee","mamie.mcintee@example.com","true","2012-02-17 19:04:52","2022-05-02 19:45:44","ACME North America","","","Product Management"
"mandy.mcdonnell","Mandy Mcdonnell","mandy.mcdonnell@example.com","true","2012-02-17 19:04:50","2022-05-02 19:45:44","ACME North America","","","Development"
"manifah.masood","Manifah Masood","manifah.masood@example.com","true","2022-03-21 09:13:35","2022-05-02 19:45:44","","Vice President","","Development"
"manuel.dienhart","Manuel Dienhart","manuel.dienhart@example.com","true","2012-02-17 19:04:51","2022-05-02 19:45:47","ACME Germany","","","IT"
"mara.rineheart","Mara Rineheart","mara.rineheart@example.com","true","2012-02-17 19:04:49","2022-05-02 19:45:45","ACME China","","","Customer Support"
"mara.vanderzwaag","Mara Vanderzwaag","mara.vanderzwaag@example.com","true","2012-02-17 19:04:51","2022-05-02 19:45:44","ACME France","","","IT"
"marc.wanger","Marc Wanger","marc.wanger@example.com","true","2012-02-17 19:04:53","2022-05-02 19:45:46","ACME France","","","Sales"
"marcelino.maggs","Marcelino Maggs","marcelino.maggs@example.com","true","2012-02-17 19:04:52","2022-05-02 19:45:44","ACME Germany","","","Sales"
"marcelo.arostegui","Marcelo Arostegui","marcelo.arostegui@example.com","true","2012-02-17 19:04:53","2022-05-02 19:45:45","ACME South America","","","Sales"
"marcie.shulz","Marcie Shulz","marcie.shulz@example.com","true","2012-02-17 19:04:49","2022-05-02 19:45:46","ACME Czech Republic","","","Customer Support"
"margaret.gray","Margaret Grey","margaret.gray@example.com","true","2007-08-12 16:24:34","2022-05-02 19:45:45","ACME North America","Sales Assistant","","Sales"
"margarito.kornbau","Margarito Kornbau","margarito.kornbau@example.com","true","2012-02-17 19:04:53","2022-05-02 19:45:47","ACME North America","","","Sales"
"margot.arenburg","Margot Arenburg","margot.arenburg@example.com","true","2012-02-17 19:04:52","2022-05-02 19:45:48","ACME UK","","","IT"
"mari.hwang","Mari Hwang","mari.hwang@example.com","true","2012-02-17 19:04:49","2022-05-02 19:45:47","ACME Germany","","","Customer Support"
"marianne.earman","Marianne Earman","marianne.earman@example.com","true","2012-02-17 19:04:50","2022-05-02 19:45:47","ACME North America","","","Customer Support"
"mariano.maury","Mariano Maury","mariano.maury@example.com","true","2012-02-17 19:04:52","2022-05-02 19:45:48","ACME North America","","","Product Management"
"marietta.bjornberg","Marietta Bjornberg","marietta.bjornberg@example.com","true","2012-02-17 19:04:49","2022-05-02 19:45:47","ACME Japan","","","Customer Support"
"marion.gaulden","Marion Gaulden","marion.gaulden@example.com","true","2012-02-17 19:04:52","2022-05-02 19:45:48","ACME Germany","","","Sales"
"marisa.smiler","Marisa Smiler","marisa.smiler@example.com","true","2012-02-17 19:04:53","2022-05-02 19:45:44","ACME France","","","Sales"
"marisa.woldridge","Marisa Woldridge","marisa.woldridge@example.com","true","2012-02-17 19:04:52","2022-05-02 19:45:47","ACME UK","","","IT"
"marla.folz","Marla Folz","marla.folz@example.com","true","2012-02-17 19:04:53","2022-05-02 19:45:47","ACME Germany","","","Sales"
"marlene.hammeren","Marlene Hammeren","marlene.hammeren@example.com","true","2012-02-17 19:04:49","2022-05-02 19:45:45","ACME France","","","Customer Support"
"marquita.bousman","Marquita Bousman","marquita.bousman@example.com","true","2012-02-17 19:04:49","2022-05-02 19:45:46","ACME UK","","","Customer Support"
"marscha.gilles","Marscha Gilles-Piecukonis","marscha.gilles@example.com","true","2007-08-12 16:28:18","2022-05-02 19:45:45","ACME North America","Account Exec Financial Services","","Sales"
"marshall.hutch","Marshall Hutch","marshall.hutch@example.com","true","2012-02-17 19:04:49","2022-05-02 19:45:44","ACME Italy","","","Customer Support"
"marta.horner","Marta Horner","marta.horner@example.com","true","2012-02-17 19:04:49","2022-05-02 19:45:47","ACME Japan","","","Customer Support"
"marta.warran","Marta Warran","marta.warran@example.com","true","2012-02-17 19:04:53","2022-05-02 19:45:46","ACME Australia","","","Sales"
"martin.carley","Martin Carley","martin.carley@example.com","true","2012-02-17 19:04:53","2022-05-02 19:45:44","ACME Australia","","","Sales"
"mary.cruse","Mary Cruse","mary.cruse@example.com","true","2007-08-12 16:27:40","2022-05-02 19:45:45","ACME UK","Inside Sales","","Sales"
"mary.maurizio","Mary Maurizio","mary.maurizio@example.com","true","2012-02-17 19:04:49","2022-05-02 19:45:45","ACME UK","","","Customer Support"
"maryann.garnette","Maryann Garnette","maryann.garnette@example.com","true","2012-02-17 19:04:51","2022-05-02 19:45:47","ACME France","","","IT"
"maryanne.whyman","Maryanne Whyman","maryanne.whyman@example.com","true","2012-02-17 19:04:51","2022-05-02 19:45:45","ACME Germany","","","IT"
"maryjane.arata","Maryjane Arata","maryjane.arata@example.com","true","2012-02-17 19:04:52","2022-05-02 19:45:48","ACME Czech Republic","","","Sales"
"mathew.taylor","Mathew Taylor","mathew.taylor@example.com","true","2019-10-07 00:59:44","2022-05-02 19:45:47","","","",""
"maurine.monroy","Maurine Monroy","maurine.monroy@example.com","true","2012-02-17 19:04:51","2022-05-02 19:45:44","ACME Germany","","","IT"
"mayme.staub","Mayme Staub","mayme.staub@example.com","true","2012-02-17 19:04:51","2022-05-02 19:45:48","ACME Japan","","","IT"
"maynard.kaewprasert","Maynard Kaewprasert","maynard.kaewprasert@example.com","true","2012-02-17 19:04:51","2022-05-02 19:45:46","ACME France","","","IT"
"megan.burke","Megan Burke","megan.burke@example.com","true","2007-08-12 16:16:23","2022-05-02 19:45:45","ACME North America","Inside Sales","","Sales"
"melinda.carleton","Melinda Carleton","melinda.carleton@example.com","true","2012-02-17 19:04:49","2022-05-02 19:45:43","ACME UK","","","Customer Support"
"mellissa.sule","Mellissa Sule","mellissa.sule@example.com","true","2012-02-17 19:04:51","2022-05-02 19:45:48","ACME Germany","","","IT"
"melody.saddat","Melody Saddat","melody.saddat@example.com","true","2012-02-17 19:04:53","2022-05-02 19:45:46","ACME North America","","","Sales"
"melvin.auteri","Melvin Auteri","melvin.auteri@example.com","true","2012-02-17 19:04:49","2022-05-02 19:45:46","ACME Japan","","","Customer Support"
"meredith.ivrin","Meredith Ivrin","meredith.ivrin@example.com","true","2012-02-17 19:04:49","2022-05-02 19:45:47","ACME UK","","","Customer Support"
"merle.wyrosdick","Merle Wyrosdick","merle.wyrosdick@example.com","true","2012-02-17 19:04:49","2022-05-02 19:45:46","ACME South America","","","Customer Support"
"michael.hoefer","Michael Hoefer","michael.hoefer@example.com","true","2012-11-17 15:12:53","2022-05-02 19:45:47","ACME South America","","","Development"
"Mike.Hussey","Mike  Hussey","mike.hussey@example.com","true","2018-07-17 23:05:37","2022-05-02 19:45:46","","","","Product Management"
"mildred.gallegas","Mildred Gallegas","mildred.gallegas@example.com","true","2012-02-17 19:04:51","2022-05-02 19:45:43","ACME Italy","","","IT"
"millicent.ekstrom","Millicent Ekstrom","millicent.ekstrom@example.com","true","2012-02-17 19:04:49","2022-05-02 19:45:46","ACME Germany","","","Customer Support"
"milton.kuhlman","Milton Kuhlman","milton.kuhlman@example.com","true","2012-02-17 19:04:49","2022-05-02 19:45:46","ACME UK","","","Customer Support"
"minh.leclare","Minh Leclare","minh.leclare@example.com","true","2012-02-17 19:04:51","2022-05-02 19:45:46","ACME Japan","","","IT"
"miquel.demicco","Miquel Demicco","miquel.demicco@example.com","true","2012-02-17 19:04:53","2022-05-02 19:45:43","ACME Japan","","","Sales"
"miranda.hammitt","Miranda Hammitt","miranda.hammitt@example.com","true","2012-02-17 19:04:50","2022-05-02 19:45:46","ACME China","","","IT"
"misty.ericksen","Misty Ericksen","misty.ericksen@example.com","true","2012-02-17 19:04:49","2022-05-02 19:45:44","ACME Czech Republic","","","Customer Support"
"mitch.schattner","Mitch Schattner","mitch.schattner@example.com","true","2012-02-17 19:04:49","2022-05-02 19:45:44","ACME Germany","","","Customer Support"
"mitchel.harnar","Mitchel Harnar","mitchel.harnar@example.com","true","2012-02-17 19:04:53","2022-05-02 19:45:44","ACME North America","","","Sales"
"mitzi.ihenyen","Mitzi Ihenyen","mitzi.ihenyen@example.com","true","2012-02-17 19:04:50","2022-05-02 19:45:46","ACME North America","","","Customer Support"
"ml.admin","ml.admin ","","true","2017-08-23 15:50:47","2022-05-02 19:45:46","","","",""
"ml_report.user","ml_report.user ","","true","2017-08-23 15:51:03","2022-05-02 19:45:47","","","",""
"model_manager","Model Manager","model.manager@example.com","true","2012-03-20 22:13:21","2022-05-02 19:45:45","","Tester","",""
"modesto.scroggie","Modesto Scroggie","modesto.scroggie@example.com","true","2012-02-17 19:04:53","2022-05-02 19:45:46","ACME UK","","","Sales"
"morton.crummell","Morton Crummell","morton.crummell@example.com","true","2012-02-17 19:04:53","2022-05-02 19:45:48","ACME Japan","","","Sales"
"nadia.wilshire","Nadia Wilshire","nadia.wilshire@example.com","true","2012-02-17 19:04:53","2022-05-02 19:45:48","ACME North America","","","Sales"
"nanette.turansky","Nanette Turansky","nanette.turansky@example.com","true","2012-02-17 19:04:49","2022-05-02 19:45:44","ACME South America","","","Customer Support"
"naomi.caetano","Naomi Caetano","naomi.caetano@example.com","true","2012-02-17 19:04:50","2022-05-02 19:45:45","ACME North America","","","Customer Support"
"naomi.greenly","Naomi Greenly","naomi.greenly@example.com","true","2012-02-17 19:04:53","2022-05-02 19:45:43","ACME UK","","","Sales"
"naomi.mcraven","Naomi Mcraven","naomi.mcraven@example.com","true","2012-02-17 19:04:49","2022-05-02 19:45:47","ACME Australia","","","Customer Support"
"natasha.ingram","Natasha Ingram","natasha.ingram@example.com","true","2007-08-12 16:08:18","2022-05-02 19:45:45","ACME North America","Chief Financial Officer","","Finance"
"nathanial.phoenix","Nathanial Phoenix","nathanial.phoenix@example.com","true","2012-02-17 19:04:49","2022-05-02 19:45:44","ACME UK","","","Customer Support"
"neil.backus","Neil Backus","neil.backus@example.com","true","2012-02-17 19:04:52","2022-05-02 19:45:47","ACME Australia","","","Sales"
"nelly.jakuboski","Nelly Jakuboski","nelly.jakuboski@example.com","true","2012-02-17 19:04:50","2022-05-02 19:45:43","ACME North America","","","Customer Support"
"neva.marsell","Neva Marsell","neva.marsell@example.com","true","2012-02-17 19:04:52","2022-05-02 19:45:47","ACME Germany","","","Sales"
"nickolas.khosravi","Nickolas Khosravi","nickolas.khosravi@example.com","true","2012-02-17 19:04:52","2022-05-02 19:45:48","ACME Italy","","","Product Management"
"norman.betance","Norman Betance","norman.betance@example.com","true","2012-02-17 19:04:49","2022-05-02 19:45:48","ACME Germany","","","Customer Support"
"ofelia.sheffler","Ofelia Sheffler","ofelia.sheffler@example.com","true","2012-02-17 19:04:50","2022-05-02 19:45:47","ACME North America","","","Customer Support"
"olga.yarovenko","Olga Yarovenko","olga.yarovenko@example.com","true","2007-08-12 16:21:01","2022-05-02 19:45:45","ACME North America","Inside Sales","","Sales"
"oma.duffy","Oma Duffy","oma.duffy@example.com","true","2012-02-17 19:04:52","2022-05-02 19:45:46","ACME Germany","","","Sales"
"owen.sparacino","Owen Sparacino","owen.sparacino@example.com","true","2012-02-17 19:04:49","2022-05-02 19:45:48","ACME Czech Republic","","","Customer Support"
"pamala.brodtmann","Pamala Brodtmann","pamala.brodtmann@example.com","true","2012-02-17 19:04:51","2022-05-02 19:45:45","ACME France","","","IT"
"pat.hoshaw","Pat Hoshaw","pat.hoshaw@example.com","true","2012-02-17 19:04:51","2022-05-02 19:45:48","ACME Italy","","","IT"
"patty.bernasconi","Patty Bernasconi","patty.bernasconi@example.com","true","2012-02-17 19:04:53","2022-05-02 19:45:44","ACME UK","","","Sales"
"paul.shafer","Paul Shafer","paul.shafer@example.com","true","2007-08-12 15:58:46","2022-05-02 19:45:45","ACME North America","Inside Sales","","Sales"
"peggy.hohlstein","Peggy Hohlstein","peggy.hohlstein@example.com","true","2012-02-17 19:04:49","2022-05-02 19:45:44","ACME Australia","","","Customer Support"
"petra.clemmens","Petra Clemmens","petra.clemmens@example.com","true","2012-02-17 19:04:53","2022-05-02 19:45:47","ACME UK","","","Sales"
"petra.mcnichol","Petra Mcnichol","petra.mcnichol@example.com","true","2012-02-17 19:04:49","2022-05-02 19:45:44","ACME France","","","Customer Support"
"phil.hendrie","Phil Hendrie","phil.hendrie@example.com","true","2007-08-12 15:51:35","2022-05-02 19:45:44","ACME North America","Inside Sales","","Sales"
"pierre.salera","Pierre Salera","pierre.salera@example.com","true","2012-02-17 19:04:51","2022-05-02 19:45:44","ACME France","","","IT"
"pilar.suddeth","Pilar Suddeth","pilar.suddeth@example.com","true","2012-02-17 19:04:53","2022-05-02 19:45:48","ACME France","","","Sales"
"praveen.vootkuri","Praveen Vootkuri","praveen.vootkuri@example.com","true","2012-11-17 15:16:32","2022-05-02 19:45:46","ACME South America","","","Development"
"prince.kauk","Prince Kauk","prince.kauk@example.com","true","2012-02-17 19:04:49","2022-05-02 19:45:44","ACME Japan","","","Customer Support"
"problem.admin","Problem Administrator","problem.admin@example.com","true","2022-03-16 22:01:37","2022-05-02 19:45:44","","","",""
"Problem.CoordinatorATF","Problem CoordinatorATF","Problem.CoordinatorATF@example.com","true","2018-10-04 08:24:53","2022-05-02 19:45:44","","","",""
"problem.coordinator_a","Problem Coordinator A","problem.coordinator_a@example.com","true","2022-03-16 22:00:20","2022-05-02 19:45:46","","","",""
"problem.coordinator_b","Problem Coordinator B","problem.coordinator_b@example.com","true","2022-03-16 22:00:41","2022-05-02 19:45:44","","","",""
"problem.manager","Problem Manager","problem.manager@example.com","true","2022-03-16 22:01:07","2022-05-02 19:45:48","","","",""
"problem.manageratf","problem manageratf","problem.manageratf@example.com","true","2018-10-07 20:36:27","2022-05-02 19:45:45","","","",""
"problem.task_analyst_a","Problem Task Analyst A","problem.analyst_a@example.com","true","2022-03-16 21:59:01","2022-05-02 19:45:46","","","",""
"problem.task_analyst_b","Problem Task Analyst B","problem.analyst_b@example.com","true","2022-03-16 21:59:35","2022-05-02 19:45:47","","","",""
"pwd.admin","Password Admin","pwd.admin@example.com","true","2013-07-26 10:29:53","2022-05-02 19:45:44","","","(555) 555-5556",""
"pwd.user","Password User","pwd.user@example.com","true","2013-07-26 10:28:50","2022-05-02 19:45:46","","","(555) 555-5555",""
"quintin.isacson","Quintin Isacson","quintin.isacson@example.com","true","2012-02-17 19:04:49","2022-05-02 19:45:48","ACME France","","","Customer Support"
"rachel.larrison","Rachel Larrison","rachel.larrison@example.com","true","2012-02-17 19:04:49","2022-05-02 19:45:43","ACME UK","","","Customer Support"
"ramon.amaral","Ramon Amaral","ramon.amaral@example.com","true","2012-02-17 19:04:50","2022-05-02 19:45:43","ACME North America","","","Development"
"randal.gansen","Randal Gansen","randal.gansen@example.com","true","2012-02-17 19:04:53","2022-05-02 19:45:48","ACME UK","","","Sales"
"randall.kluemper","Randall Kluemper","randall.kluemper@example.com","true","2012-02-17 19:04:53","2022-05-02 19:45:47","ACME North America","","","Sales"
"raphael.bickel","Raphael Bickel","raphael.bickel@example.com","true","2012-02-17 19:04:53","2022-05-02 19:45:46","ACME North America","","","Sales"
"ray.srock","Ray Srock","ray.srock@example.com","true","2012-02-17 19:04:49","2022-05-02 19:45:48","ACME Italy","","","Customer Support"
"rebeca.brumet","Rebeca Brumet","rebeca.brumet@example.com","true","2012-02-17 19:04:49","2022-05-02 19:45:47","ACME UK","","","Customer Support"
"rebekah.lindboe","Rebekah Lindboe","rebekah.lindboe@example.com","true","2012-02-17 19:04:50","2022-05-02 19:45:48","ACME Australia","","","HR"
"rebekah.padley","Rebekah Padley","rebekah.padley@example.com","true","2012-02-17 19:04:52","2022-05-02 19:45:44","ACME Germany","","","Sales"
"reggie.streu","Reggie Streu","reggie.streu@example.com","true","2012-02-17 19:04:53","2022-05-02 19:45:47","ACME France","","","Sales"
"reginald.humes","Reginald Humes","reginald.humes@example.com","true","2012-02-17 19:04:53","2022-05-02 19:45:44","ACME North America","","","Sales"
"reginald.lunan","Reginald Lunan","reginald.lunan@example.com","true","2012-02-17 19:04:50","2022-05-02 19:45:48","ACME Germany","","","HR"
"reina.reisenauer","Reina Reisenauer","reina.reisenauer@example.com","true","2012-02-17 19:04:51","2022-05-02 19:45:46","ACME Germany","","","IT"
"reina.wolchesky","Reina Wolchesky","reina.wolchesky@example.com","true","2012-02-17 19:04:52","2022-05-02 19:45:46","ACME France","","","Sales"
"rena.griffeth","Rena Griffeth","rena.griffeth@example.com","true","2012-02-17 19:04:49","2022-05-02 19:45:47","ACME France","","","Customer Support"
"renae.eldrige","Renae Eldrige","renae.eldrige@example.com","true","2012-02-17 19:04:53","2022-05-02 19:45:43","ACME South America","","","Sales"
"rene.dummermuth","Rene Dummermuth","rene.dummermuth@example.com","true","2012-02-17 19:04:53","2022-05-02 19:45:47","ACME UK","","","Sales"
"reva.bayer","Reva Bayer","reva.bayer@example.com","true","2012-02-17 19:04:51","2022-05-02 19:45:45","ACME Japan","","","IT"
"reva.lecates","Reva Lecates","reva.lecates@example.com","true","2012-02-17 19:04:50","2022-05-02 19:45:47","ACME Czech Republic","","","Finance"
"reyna.bangle","Reyna Bangle","reyna.bangle@example.com","true","2012-02-17 19:04:50","2022-05-02 19:45:46","ACME Czech Republic","","","HR"
"rich.gleave","Rich Gleave","rich.gleave@example.com","true","2012-02-17 19:04:52","2022-05-02 19:45:44","ACME France","","","Sales"
"rick.berzle","Rick Berzle","rick.berzle@example.com","true","2005-02-22 16:00:00","2022-05-02 19:45:45","ACME North America","","","Sales"
"rita.center","Rita Center","rita.center@example.com","true","2012-02-17 19:04:49","2022-05-02 19:45:48","ACME Japan","","","Customer Support"
"rob.phillips","Rob Phillips","rob.phillips@example.com","true","2007-01-22 11:25:34","2022-05-02 19:45:43","ACME North America","","","Sales"
"rob.woodbyrne","Rob Woodbyrne","rob.woodbyrne@example.com","true","2007-07-03 11:49:57","2022-05-02 19:45:46","ACME North America","","","Sales"
"robbie.deshay","Robbie Deshay","robbie.deshay@example.com","true","2012-02-17 19:04:53","2022-05-02 19:45:47","ACME Japan","","","Sales"
"robin.grotz","Robin Grotz","robin.grotz@example.com","true","2012-02-17 19:04:51","2022-05-02 19:45:48","ACME France","","","IT"
"robin.schartz","Robin Schartz","robin.schartz@example.com","true","2012-02-17 19:04:50","2022-05-02 19:45:47","ACME China","","","Finance"
"robt.braithwaite","Robt Braithwaite","robt.braithwaite@example.com","true","2012-02-17 19:04:53","2022-05-02 19:45:46","ACME UK","","","Sales"
"robyn.christophel","Robyn Christophel","robyn.christophel@example.com","true","2012-02-17 19:04:51","2022-05-02 19:45:45","ACME Germany","","","IT"
"rodrigo.wildrick","Rodrigo Wildrick","rodrigo.wildrick@example.com","true","2012-02-17 19:04:52","2022-05-02 19:45:47","ACME Czech Republic","","","Sales"
"roger.rasmussen","Roger Rasmussen","roger.rasmussen@example.com","true","2006-07-11 14:16:41","2022-05-02 19:45:45","ACME North America","","","IT"
"roger.seid","Roger Seid","roger.seid@example.com","true","2012-02-17 19:04:50","2022-05-02 19:45:46","ACME North America","","","HR"
"rolando.baumann","Rolando Baumann","rolando.baumann@example.com","true","2012-02-17 19:04:53","2022-05-02 19:45:46","ACME Germany","","","Sales"
"roman.simone","Roman Simone","roman.simone@example.com","true","2012-02-17 19:04:52","2022-05-02 19:45:48","ACME France","","","Sales"
"ron.kettering","Ron Kettering","ron.kettering@example.com","true","2006-07-12 06:05:27","2022-05-02 19:45:45","ACME North America","","","IT"
"rosalia.kennemur","Rosalia Kennemur","rosalia.kennemur@example.com","true","2012-02-17 19:04:53","2022-05-02 19:45:44","ACME UK","","","Sales"
"rosalie.krigger","Rosalie Krigger","rosalie.krigger@example.com","true","2012-02-17 19:04:50","2022-05-02 19:45:45","ACME UK","","","HR"
"rosalind.krenzke","Rosalind Krenzke","rosalind.krenzke@example.com","true","2012-02-17 19:04:53","2022-05-02 19:45:48","ACME North America","","","Sales"
"rosalyn.daulton","Rosalyn Daulton","rosalyn.daulton@example.com","true","2012-02-17 19:04:52","2022-05-02 19:45:45","ACME UK","","","IT"
"rosanna.sandrock","Rosanna Sandrock","rosanna.sandrock@example.com","true","2012-02-17 19:04:49","2022-05-02 19:45:47","ACME Germany","","","Customer Support"
"roseann.jerko","Roseann Jerko","roseann.jerko@example.com","true","2012-02-17 19:04:52","2022-05-02 19:45:48","ACME Germany","","","Sales"
"rosemarie.fifield","Rosemarie Fifield","rosemarie.fifield@example.com","true","2012-02-17 19:04:53","2022-05-02 19:45:47","ACME North America","","","Sales"
"ross.spurger","Ross Spurger","ross.spurger@example.com","true","2012-02-17 19:04:49","2022-05-02 19:45:43","ACME South America","","","Customer Support"
"roxie.varenhorst","Roxie Varenhorst","roxie.varenhorst@example.com","true","2012-02-17 19:04:50","2022-05-02 19:45:48","ACME Australia","","","IT"
"rubin.crotts","Rubin Crotts","rubin.crotts@example.com","true","2012-02-17 19:04:50","2022-05-02 19:45:45","ACME North America","","","HR"
"rudy.kuhle","Rudy Kuhle","rudy.kuhle@example.com","true","2012-02-17 19:04:50","2022-05-02 19:45:47","ACME North America","","","Development"
"ruthie.zortman","Ruthie Zortman","ruthie.zortman@example.com","true","2012-02-17 19:04:53","2022-05-02 19:45:44","ACME Germany","","","Sales"
"sabrina.deppert","Sabrina Deppert","sabrina.deppert@example.com","true","2012-02-17 19:04:52","2022-05-02 19:45:47","ACME China","","","Sales"
"sadie.rowlett","Sadie Rowlett","sadie.rowlett@example.com","true","2012-02-17 19:04:50","2022-05-02 19:45:45","ACME China","","","IT"
"sal.pindell","Sal Pindell","sal.pindell@example.com","true","2012-02-17 19:04:50","2022-05-02 19:45:46","ACME North America","","","Customer Support"
"sam","Software Manager","","true","2012-03-19 18:04:50","2022-05-02 19:45:48","","Tester","",""
"sam.sorokin","Sam Sorokin","sam.sorokin@example.com","true","2006-02-07 15:28:38","2022-05-02 19:45:45","ACME North America","","","IT"
"samantha.bordwell","Samantha Bordwell","samantha.bordwell@example.com","true","2012-02-17 19:04:51","2022-05-02 19:45:46","ACME France","","","IT"
"sandra.graen","Sandra Graen","sandra.graen@example.com","true","2012-02-17 19:04:51","2022-05-02 19:45:44","ACME Germany","","","IT"
"saundra.mcaulay","Saundra Mcaulay","saundra.mcaulay@example.com","true","2012-02-17 19:04:50","2022-05-02 19:45:45","ACME North America","","","Customer Support"
"savannah.kesich","Savannah Kesich","savannah.kesich@example.com","true","2012-02-17 19:04:50","2022-05-02 19:45:43","ACME North America","","","HR"
"savannah.loffier","Savannah Loffier","savannah.loffier@example.com","true","2012-02-17 19:04:53","2022-05-02 19:45:48","ACME Australia","","","Sales"
"scott.seixas","Scott Seixas","scott.seixas@example.com","true","2012-11-17 15:13:46","2022-05-02 19:45:44","ACME South America","","","Development"
"sean.bonnet","Sean Bonnet","sean.bonnet@example.com","true","2012-02-17 19:04:50","2022-05-02 19:45:43","ACME North America","","","Customer Support"
"shanna.neundorfer","Shanna Neundorfer","shanna.neundorfer@example.com","true","2012-02-17 19:04:50","2022-05-02 19:45:46","ACME Germany","","","HR"
"shanna.numkena","Shanna Numkena","shanna.numkena@example.com","true","2012-02-17 19:04:49","2022-05-02 19:45:46","ACME UK","","","Customer Support"
"sharedservice.worker","sharedservice.worker Agent Intelligence Plug-in","","true","2017-03-08 15:00:07","2022-05-02 19:45:46","","","",""
"sharlene.circelli","Sharlene Circelli","sharlene.circelli@example.com","true","2012-02-17 19:04:53","2022-05-02 19:45:46","ACME North America","","","Sales"
"sheila.holloran","Sheila Holloran","sheila.holloran@example.com","true","2012-02-17 19:04:53","2022-05-02 19:45:48","ACME UK","","","Sales"
"shelley.groden","Shelley Groden","shelley.groden@example.com","true","2012-02-17 19:04:50","2022-05-02 19:45:47","ACME North America","","","Customer Support"
"sherwood.detillier","Sherwood Detillier","sherwood.detillier@example.com","true","2012-02-17 19:04:51","2022-05-02 19:45:48","ACME Germany","","","IT"
"sheryl.sisofo","Sheryl Sisofo","sheryl.sisofo@example.com","true","2012-02-17 19:04:51","2022-05-02 19:45:46","ACME Germany","","","IT"
"simone.lundie","Simone Lundie","simone.lundie@example.com","true","2012-02-17 19:04:51","2022-05-02 19:45:47","ACME South America","","","IT"
"SLA.Admin","SLA Admin","sla.admin@example.com","true","2022-03-17 02:15:35","2022-05-02 19:45:44","","","",""
"sla.atf","ATF Service Level Management","sla.atf@example.com","true","2019-07-10 11:08:49","2022-05-02 19:45:47","ServiceNow","","",""
"SLA.Manager","SLA Manager","sla.manager@example.com","true","2022-03-17 02:16:14","2022-05-02 19:45:46","","","",""
"sn_ua.downloader","Usage Analytics Downloader ","","true","2021-08-26 14:32:22","2022-05-02 19:45:48","","","",""
"soap.guest","SOAP Guest","","true","2009-03-17 09:49:55","2022-05-02 19:45:43","","","",""
"socorro.balandran","Socorro Balandran","socorro.balandran@example.com","true","2012-02-17 19:04:52","2022-05-02 19:45:47","ACME North America","","","Product Management"
"son.marschke","Son Marschke","son.marschke@example.com","true","2012-02-17 19:04:53","2022-05-02 19:45:48","ACME Germany","","","Sales"
"sophie.langner","Sophie Langner","sophie.langner@example.com","true","2012-02-17 19:04:52","2022-05-02 19:45:44","ACME UK","","","IT"
"stacey.blow","Stacey Blow","stacey.blow@example.com","true","2012-02-17 19:04:51","2022-05-02 19:45:47","ACME Italy","","","IT"
"stephen.seiters","Stephen Seiters","stephen.seiters@example.com","true","2012-02-17 19:04:50","2022-05-02 19:45:44","ACME Japan","","","HR"
"steve.schorr","Steve Schorr","steve.schorr@example.com","true","2012-02-17 19:04:50","2022-05-02 19:45:48","ACME North America","","","HR"
"sue.haakinson","Sue Haakinson","sue.haakinson@example.com","true","2012-02-17 19:04:50","2022-05-02 19:45:46","ACME North America","","","Customer Support"
"suresh.yekollu","Suresh Yekollu","suresh.yekollu@example.com","true","2012-11-17 15:15:20","2022-05-02 19:45:43","ACME South America","","","Development"
"survey.creator","survey creator","survey.creator@email.com","true","2019-04-04 14:09:59","2022-05-02 19:45:45","","","",""
"survey.user","survey user","survey.user@email.com","true","2019-04-05 14:09:12","2022-05-02 19:45:43","","","",""
"suzette.devaughan","Suzette Devaughan","suzette.devaughan@example.com","true","2012-02-17 19:04:50","2022-05-02 19:45:45","ACME Czech Republic","","","HR"
"svc.desk","Service Desk","svc.desk@example.com","true","2013-07-26 10:31:49","2022-05-02 19:45:44","","","(555) 555-5558",""
"sybil.marmerchant","Sybil Marmerchant","sybil.marmerchant@example.com","true","2012-02-17 19:04:50","2022-05-02 19:45:46","ACME Czech Republic","","","Finance"
"tamara.declue","Tamara Declue","tamara.declue@example.com","true","2012-02-17 19:04:51","2022-05-02 19:45:45","ACME Germany","","","IT"
"tami.trybus","Tami Trybus","tami.trybus@example.com","true","2012-02-17 19:04:51","2022-05-02 19:45:45","ACME France","","","IT"
"tammie.schwartzwalde","Tammie Schwartzwalde","tammie.schwartzwalde@example.com","true","2012-02-17 19:04:50","2022-05-02 19:45:44","ACME UK","","","HR"
"tash.dubrovska","Tash Dubrovska","tash.dubrovska@example.com","true","2021-03-19 08:30:30","2022-05-02 19:45:47","","Director","","Development"
"taylor.fogerty","Taylor Fogerty","taylor.fogerty@example.com","true","2012-02-17 19:04:52","2022-05-02 19:45:45","ACME Czech Republic","","","Sales"
"taylor.vreeland","Taylor Vreeland","taylor.vreeland@example.com","true","2006-02-07 14:56:18","2022-05-02 19:45:45","ACME North America","","","IT"
"ted.bozelle","Ted Bozelle","ted.bozelle@example.com","true","2006-02-07 14:57:36","2022-05-02 19:45:45","ACME North America","","","IT"
"ted.keppel","Ted Keppel","ted.keppel@example.com","true","2006-02-07 15:05:27","2022-05-02 19:45:45","ACME North America","","","IT"
"teodoro.gaboury","Teodoro Gaboury","teodoro.gaboury@example.com","true","2012-02-17 19:04:49","2022-05-02 19:45:47","ACME Japan","","","Customer Support"
"teri.erlewine","Teri Erlewine","teri.erlewine@example.com","true","2012-02-17 19:04:53","2022-05-02 19:45:47","ACME Germany","","","Sales"
"terra.plagge","Terra Plagge","terra.plagge@example.com","true","2012-02-17 19:04:50","2022-05-02 19:45:46","ACME Australia","","","HR"
"terrance.nimmer","Terrance Nimmer","terrance.nimmer@example.com","true","2012-02-17 19:04:50","2022-05-02 19:45:45","ACME Germany","","","HR"
"terrell.rodda","Terrell Rodda","terrell.rodda@example.com","true","2012-02-17 19:04:51","2022-05-02 19:45:44","ACME France","","","IT"
"theron.hambright","Theron Hambright","theron.hambright@example.com","true","2012-02-17 19:04:50","2022-05-02 19:45:45","ACME South America","","","HR"
"thomas.jefferson","Thomas Jefferson","thomas.jefferson@example.com","true","2013-07-23 17:07:49","2022-05-02 19:45:44","","","(555) 555-0003",""
"tia.lino","Tia Lino","tia.lino@example.com","true","2012-02-17 19:04:52","2022-05-02 19:45:47","ACME France","","","Sales"
"tia.neumaier","Tia Neumaier","tia.neumaier@example.com","true","2012-02-17 19:04:53","2022-05-02 19:45:48","ACME South America","","","Sales"
"tiffany.knust","Tiffany Knust","tiffany.knust@example.com","true","2012-02-17 19:04:49","2022-05-02 19:45:46","ACME France","","","Customer Support"
"timothy.janski","Timothy Janski","timothy.janski@example.com","true","2012-02-17 19:04:50","2022-05-02 19:45:43","ACME China","","","HR"
"tisha.gorder","Tisha Gorder","tisha.gorder@example.com","true","2012-02-17 19:04:53","2022-05-02 19:45:47","ACME South America","","","Sales"
"titus.rodreguez","Titus Rodreguez","titus.rodreguez@example.com","true","2012-02-17 19:04:50","2022-05-02 19:45:44","ACME Czech Republic","","","Finance"
"tommie.reuland","Tommie Reuland","tommie.reuland@example.com","true","2012-02-17 19:04:53","2022-05-02 19:45:46","ACME South America","","","Sales"
"tori.villaescusa","Tori Villaescusa","tori.villaescusa@example.com","true","2012-02-17 19:04:51","2022-05-02 19:45:48","ACME France","","","IT"
"traci.toomey","Traci Toomey","traci.toomey@example.com","true","2012-02-17 19:04:53","2022-05-02 19:45:46","ACME Japan","","","Sales"
"travis.brockert","Travis Brockert","travis.brockert@example.com","true","2012-02-17 19:04:53","2022-05-02 19:45:44","ACME North America","","","Sales"
"trey.tout","Trey Tout","trey.tout@example.com","true","2012-02-17 19:04:52","2022-05-02 19:45:47","ACME Germany","","","Sales"
"tricia.kruss","Tricia Kruss","tricia.kruss@example.com","true","2012-02-17 19:04:50","2022-05-02 19:45:44","ACME North America","","","Customer Support"
"trudy.worlds","Trudy Worlds","trudy.worlds@example.com","true","2012-02-17 19:04:50","2022-05-02 19:45:46","ACME North America","","","Development"
"tyree.courrege","Tyree Courrege","tyree.courrege@example.com","true","2012-02-17 19:04:50","2022-05-02 19:45:46","ACME North America","","","HR"
"tyron.quillman","Tyron Quillman","tyron.quillman@example.com","true","2012-02-17 19:04:53","2022-05-02 19:45:44","ACME South America","","","Sales"
"User_ITIL","User ITIL","User_ITIL@example.com","true","2018-09-16 06:11:49","2022-05-02 19:45:44","","","",""
"val.oborne","Val Oborne","val.oborne@example.com","true","2012-02-17 19:04:53","2022-05-02 19:45:46","ACME Germany","","","Sales"
"valentine.granberry","Valentine Granberry","valentine.granberry@example.com","true","2012-02-17 19:04:49","2022-05-02 19:45:44","ACME UK","","","Customer Support"
"valeria.lingbeek","Valeria Lingbeek","valeria.lingbeek@example.com","true","2012-02-17 19:04:53","2022-05-02 19:45:47","ACME UK","","","Sales"
"valerie.pou","Valerie Pou","valerie.pou@example.com","true","2012-02-17 19:04:50","2022-05-02 19:45:43","ACME North America","","","Customer Support"
"van.leanen","Van Leanen","van.leanen@example.com","true","2012-02-17 19:04:51","2022-05-02 19:45:44","ACME Japan","","","IT"
"vanessa.lewallen","Vanessa Lewallen","vanessa.lewallen@example.com","true","2012-02-17 19:04:49","2022-05-02 19:45:43","ACME UK","","","Customer Support"
"vernice.resendes","Vernice Resendes","vernice.resendes@example.com","true","2012-02-17 19:04:51","2022-05-02 19:45:48","ACME Japan","","","IT"
"vernon.engelman","Vernon Engelman","vernon.engelman@example.com","true","2012-02-17 19:04:50","2022-05-02 19:45:44","ACME China","","","IT"
"veronica.achorn","Veronica Achorn","veronica.achorn@example.com","true","2012-02-17 19:04:49","2022-05-02 19:45:44","ACME China","","","Customer Support"
"veronica.radman","Veronica Radman","veronica.radman@example.com","true","2012-02-17 19:04:50","2022-05-02 19:45:43","ACME Germany","","","HR"
"vince.ettel","Vince Ettel","vince.ettel@example.com","true","2012-02-17 19:04:49","2022-05-02 19:45:47","ACME UK","","","Customer Support"
"viola.mcsorley","Viola Mcsorley","viola.mcsorley@example.com","true","2012-02-17 19:04:49","2022-05-02 19:45:44","ACME France","","","Customer Support"
"virgil.chinni","Virgil Chinni","virgil.chinni@example.com","true","2012-02-17 19:04:50","2022-05-02 19:45:48","ACME China","","","IT"
"virtual.agent","Virtual Agent","","true","2022-03-17 20:35:20","2022-05-02 19:45:45","","","",""
"vivian.brzostowski","Vivian Brzostowski","vivian.brzostowski@example.com","true","2012-02-17 19:04:49","2022-05-02 19:45:46","ACME UK","","","Customer Support"
"waldo.edberg","Waldo Edberg","waldo.edberg@example.com","true","2012-02-17 19:04:53","2022-05-02 19:45:46","ACME France","","","Sales"
"waldo.sisk","Waldo Sisk","waldo.sisk@example.com","true","2012-02-17 19:04:50","2022-05-02 19:45:47","ACME UK","","","HR"
"walton.schwallie","Walton Schwallie","walton.schwallie@example.com","true","2012-02-17 19:04:50","2022-05-02 19:45:48","ACME Germany","","","HR"
"warren.hacher","Warren Hacher","warren.hacher@example.com","true","2012-02-17 19:04:50","2022-05-02 19:45:46","ACME China","","","Finance"
"warren.speach","Warren Speach","warren.speach@example.com","true","2012-02-17 19:04:50","2022-05-02 19:45:46","ACME UK","","","HR"
"wayne.webb","Wayne Webb","wayne.webb@example.com","true","2006-02-07 15:20:55","2022-05-02 19:45:45","ACME North America","","","IT"
"wes.fontanella","Wes Fontanella","wes.fontanella@example.com","true","2012-02-17 19:04:52","2022-05-02 19:45:48","ACME UK","","","IT"
"wilfredo.gidley","Wilfredo Gidley","wilfredo.gidley@example.com","true","2012-02-17 19:04:50","2022-05-02 19:45:47","ACME North America","","","Customer Support"
"willa.dutt","Willa Dutt","willa.dutt@example.com","true","2012-02-17 19:04:53","2022-05-02 19:45:47","ACME South America","","","Sales"
"willard.roughen","Willard Roughen","willard.roughen@example.com","true","2012-02-17 19:04:49","2022-05-02 19:45:47","ACME Italy","","","Customer Support"
"william.mahmud","William Mahmud","william.mahmud@example.com","true","2012-02-17 19:04:53","2022-05-02 19:45:45","ACME Japan","","","Sales"
"wilmer.constantineau","Wilmer Constantineau","wilmer.constantineau@example.com","true","2012-02-17 19:04:50","2022-05-02 19:45:44","ACME North America","","","Development"
"winnie.reich","Winnie Reich","winnie.reich@example.com","true","2012-02-17 19:04:53","2022-05-02 19:45:48","ACME North America","","","Sales"
"yvette.kokoska","Yvette Kokoska","yvette.kokoska@example.com","true","2012-02-17 19:04:49","2022-05-02 19:45:45","ACME UK","","","Customer Support"
"zackary.mockus","Zackary Mockus","zackary.mockus@example.com","true","2012-02-17 19:04:50","2022-05-02 19:45:46","ACME North America","","","Customer Support"
"zane.sulikowski","Zane Sulikowski","zane.sulikowski@example.com","true","2012-02-17 19:04:51","2022-05-02 19:45:44","ACME Germany","","","IT"
